<?xml version="1.0"?>
<COLLADA xmlns="http://www.collada.org/2005/11/COLLADASchema" version="1.4.1">
	<asset>
		<contributor>
			<author>Assimp</author>
			<authoring_tool>Assimp Exporter</authoring_tool>
		</contributor>
		<created>2024-01-31T20:28:33</created>
		<modified>2024-01-31T20:28:33</modified>
		<unit name="meter" meter="0.010000" />
		<up_axis>Y_UP</up_axis>
	</asset>
	<library_effects>
		<effect id="initialShadingGroup_1001-fx" name="initialShadingGroup_1001">
			<profile_COMMON>
				<technique sid="standard">
					<lambert>
						<emission>
							<color sid="emission">0.000000   0.000000   0.000000   1.000000</color>
						</emission>
						<ambient>
							<color sid="ambient">0.000000   0.000000   0.000000   1.000000</color>
						</ambient>
						<diffuse>
							<color sid="diffuse">0.500000   0.500000   0.500000   1.000000</color>
						</diffuse>
						<specular>
							<color sid="specular">0.000000   0.000000   0.000000   1.000000</color>
						</specular>
						<shininess>
							<float sid="shininess">0.000000</float>
						</shininess>
						<transparency>
							<float sid="transparency">0.000000</float>
						</transparency>
						<index_of_refraction>
							<float sid="index_of_refraction">1.000000</float>
						</index_of_refraction>
					</lambert>
				</technique>
			</profile_COMMON>
		</effect>
	</library_effects>
	<library_materials>
		<material id="initialShadingGroup_1001" name="initialShadingGroup_1001">
			<instance_effect url="#initialShadingGroup_1001-fx"/>
		</material>
	</library_materials>
	<library_geometries>
		<geometry id="meshId0" name="meshId0_name" >
			<mesh>
				<source id="meshId0-positions" name="meshId0-positions">
					<float_array id="meshId0-positions-array" count="4413"> 
						-1.842016 5.704679 -0.439982 -1.842016 5.737944 -0.446165 -1.842016 4.976507 -0.446165 -1.842016 5.009771 -0.439982 -1.842016 4.958981 -0.509218 -1.680901 4.958981 -0.509218 -1.680901 4.950191 -0.486138 -1.842016 4.950191 -0.486138 -1.842016 4.950191 -0.486138 -1.680901 4.950191 -0.486138 -1.680901 4.958964 -0.463175 -1.842016 4.958964 -0.463175 -1.680901 4.976507 -0.446165 -1.842016 4.976507 -0.446165 -1.842016 4.976507 -0.446165 -1.680901 4.976507 -0.446165 -1.680901 5.009771 -0.439982 -1.842016 5.009771 -0.439982 -1.680901 5.704679 -0.439982 -1.842016 5.704679 -0.439982 -1.680901 5.737944 -0.446165 -1.842016 5.737944 -0.446165 -1.842016 5.737944 -0.446165 -1.680901 5.737944 -0.446165 -1.680901 5.755469 -0.463058 -1.842016 5.755469 -0.463058 -1.680901 5.764259 -0.486138 -1.842016 5.764259 -0.486138 -1.842016 5.764259 -0.486138 -1.680901 5.764259 -0.486138 -1.680901 5.755469 -0.509218 -1.842016 5.755469 -0.509218 -1.680901 5.737944 -0.526110 -1.842016 5.737944 -0.526110 -1.842016 5.737944 -0.526110 -1.680901 5.737944 -0.526110 -1.680901 5.704679 -0.532293 -1.842016 5.704679 -0.532293 -1.680901 5.009771 -0.532293 -1.842016 5.009771 -0.532293 -1.680901 4.976507 -0.526110 -1.842016 4.976507 -0.526110 -1.842016 4.976507 -0.526110 -1.680901 4.976507 -0.526110 -1.842016 5.009771 -0.532293 -1.842016 4.976507 -0.526110 -1.842016 5.737944 -0.526110 -1.842016 5.704679 -0.532293 -1.842016 5.755469 -0.509218 -1.842016 4.958981 -0.509218 -1.842016 4.950191 -0.486138 -1.842016 5.764259 -0.486138 -1.842016 5.755469 -0.463058 -1.842016 4.958964 -0.463175 0.351268 7.588251 -0.642184 -0.349393 7.588251 -0.642184 -0.349393 7.588251 -0.366979 0.351268 7.588251 -0.366979 0.351268 7.288881 -0.366979 -0.349393 7.288881 -0.366979 -0.349393 7.288881 -0.642184 0.351268 7.288881 -0.642184 -0.499062 7.438567 -0.642184 -0.499062 7.438567 -0.366979 
						-0.479010 7.513415 -0.366979 -0.479010 7.513415 -0.642184 -0.479010 7.513415 -0.642184 -0.479010 7.513415 -0.366979 -0.424227 7.568199 -0.366979 -0.424227 7.568199 -0.642184 0.426103 7.568199 -0.366979 0.426103 7.568199 -0.642184 0.480886 7.513415 -0.366979 0.480886 7.513415 -0.642184 0.480886 7.513415 -0.642184 0.480886 7.513415 -0.366979 0.500938 7.438567 -0.366979 0.500938 7.438567 -0.642184 -0.424227 7.308933 -0.366979 -0.424227 7.308933 -0.642184 -0.479010 7.363717 -0.366979 -0.479010 7.363717 -0.642184 -0.479010 7.363717 -0.642184 -0.479010 7.363717 -0.366979 0.480886 7.363717 -0.366979 0.480886 7.363717 -0.642184 0.480886 7.363717 -0.642184 0.480886 7.363717 -0.366979 0.426103 7.308933 -0.366979 0.426103 7.308933 -0.642184 0.500938 7.438567 -0.642184 0.480886 7.363717 -0.642184 0.426103 7.308933 -0.642184 0.351268 7.288881 -0.642184 -0.349393 7.288881 -0.642184 -0.424227 7.308933 -0.642184 -0.479010 7.363717 -0.642184 -0.499062 7.438567 -0.642184 -0.479010 7.513415 -0.642184 -0.424227 7.568199 -0.642184 -0.349393 7.588251 -0.642184 0.351268 7.588251 -0.642184 0.426103 7.568199 -0.642184 0.480886 7.513415 -0.642184 -0.282947 7.667869 -0.340094 -1.203947 7.667869 -0.340094 -1.200517 7.641820 -0.257943 -0.286377 7.641820 -0.257943 -0.286377 7.641820 -0.257943 -1.200517 7.641820 -0.257943 -1.192238 7.578935 -0.217017 -0.294656 7.578935 -0.217017 -0.294656 5.914990 -0.217017 -1.192238 5.914990 -0.217017 -1.200517 5.852101 -0.257943 -0.286377 5.852101 -0.257943 -0.286377 5.852101 -0.257943 -1.200517 5.852101 -0.257943 -1.203947 5.826053 -0.340094 -0.282947 5.826053 -0.340094 -1.575419 6.298170 -0.217017 -1.575419 7.195754 -0.217017 -1.638305 7.204032 -0.257943 -1.638305 6.289890 -0.257943 -1.638305 6.289890 -0.257943 -1.638305 7.204032 -0.257943 -1.664354 7.207459 -0.340094 -1.664354 6.286460 -0.340094 
						0.177460 6.286460 -0.340094 0.177460 7.207459 -0.340094 0.151412 7.204032 -0.257943 0.151412 6.289890 -0.257943 0.151412 6.289890 -0.257943 0.151412 7.204032 -0.257943 0.088525 7.195754 -0.217017 0.088525 6.298170 -0.217017 -0.098780 5.967474 -0.217017 0.036041 6.102293 -0.217017 0.036041 7.391627 -0.217017 -0.098780 7.526450 -0.217017 -1.388114 7.526450 -0.217017 -1.522934 7.391627 -0.217017 -1.522934 6.102293 -0.217017 -1.388114 5.967474 -0.217017 -0.052743 7.606185 -0.340142 -0.066227 7.582831 -0.258347 -0.066227 7.582831 -0.258347 -1.434150 5.887735 -0.340142 -1.420667 5.911091 -0.258347 -1.420667 5.911091 -0.258347 -1.602671 7.437665 -0.340142 -1.579317 7.424181 -0.258347 -1.579317 7.424181 -0.258347 0.115777 6.056257 -0.340142 0.092423 6.069740 -0.258347 0.092423 6.069740 -0.258347 -1.434150 7.606185 -0.340142 -1.420667 7.582831 -0.258347 -1.420667 7.582831 -0.258347 0.115777 7.437665 -0.340142 0.092423 7.424181 -0.258347 0.092423 7.424181 -0.258347 -1.602671 6.056257 -0.340142 -1.579317 6.069740 -0.258347 -1.579317 6.069740 -0.258347 -0.052743 5.887735 -0.340142 -0.066227 5.911091 -0.258347 -0.066227 5.911091 -0.258347 0.031527 6.886930 -0.134981 0.031527 6.886930 -0.402375 -0.024413 6.996718 -0.402375 -0.024413 6.996718 -0.134981 -0.111542 7.083847 -0.402375 -0.111542 7.083847 -0.134981 -0.221331 7.139788 -0.402375 -0.221331 7.139788 -0.134981 -0.343033 7.159063 -0.402375 -0.343033 7.159063 -0.134981 -0.464734 7.139788 -0.402375 -0.464734 7.139788 -0.134981 -0.574523 7.083847 -0.402375 -0.574523 7.083847 -0.134981 -0.661652 6.996718 -0.402375 -0.661652 6.996718 -0.134981 -0.717592 6.886930 -0.402375 -0.717592 6.886930 -0.134981 -0.736868 6.765226 -0.402375 -0.736868 6.765226 -0.134981 -0.717592 6.643527 -0.402375 -0.717592 6.643527 -0.134981 -0.661652 6.533738 -0.402375 -0.661652 6.533738 -0.134981 
						-0.574523 6.446608 -0.402375 -0.574523 6.446608 -0.134981 -0.464734 6.390668 -0.402375 -0.464734 6.390668 -0.134981 -0.343033 6.371393 -0.402375 -0.343033 6.371393 -0.134981 -0.221331 6.390668 -0.402375 -0.221331 6.390668 -0.134981 -0.111542 6.446608 -0.402375 -0.111542 6.446608 -0.134981 -0.024414 6.533738 -0.402375 -0.024414 6.533738 -0.134981 0.031527 6.643527 -0.402375 0.031527 6.643527 -0.134981 0.050802 6.765226 -0.402375 0.050802 6.765226 -0.134981 0.031527 6.886930 -0.402375 0.031527 6.886930 -0.134981 -0.004401 6.875257 -0.134981 0.031527 6.886930 -0.134981 -0.024413 6.996718 -0.134981 -0.054975 6.974515 -0.134981 -0.111542 7.083847 -0.134981 -0.133747 7.053286 -0.134981 -0.221331 7.139788 -0.134981 -0.233005 7.103860 -0.134981 -0.343033 7.159063 -0.134981 -0.343033 7.121286 -0.134981 -0.464734 7.139788 -0.134981 -0.453061 7.103860 -0.134981 -0.574523 7.083847 -0.134981 -0.552319 7.053286 -0.134981 -0.661652 6.996718 -0.134981 -0.631090 6.974515 -0.134981 -0.717592 6.886930 -0.134981 -0.681664 6.875257 -0.134981 -0.736868 6.765226 -0.134981 -0.699091 6.765226 -0.134981 -0.717592 6.643527 -0.134981 -0.681664 6.655201 -0.134981 -0.661652 6.533738 -0.134981 -0.631090 6.555943 -0.134981 -0.574523 6.446608 -0.134981 -0.552319 6.477170 -0.134981 -0.464734 6.390668 -0.134981 -0.453061 6.426597 -0.134981 -0.343033 6.371393 -0.134981 -0.343033 6.409170 -0.134981 -0.221331 6.390668 -0.134981 -0.233005 6.426597 -0.134981 -0.111542 6.446608 -0.134981 -0.133747 6.477170 -0.134981 -0.024414 6.533738 -0.134981 -0.054975 6.555943 -0.134981 0.031527 6.643527 -0.134981 -0.004401 6.655201 -0.134981 0.050802 6.765226 -0.134981 0.013026 6.765226 -0.134981 -0.343033 6.765226 -0.134981 -0.785050 6.462467 -0.138547 -0.785050 6.462467 -0.398809 -0.839498 6.569327 -0.398809 -0.839498 6.569327 -0.138547 -0.924303 6.654133 -0.398809 
						-0.924303 6.654133 -0.138547 -1.031164 6.708581 -0.398809 -1.031164 6.708581 -0.138547 -1.149620 6.727343 -0.398809 -1.149620 6.727343 -0.138547 -1.268076 6.708581 -0.398809 -1.268076 6.708581 -0.138547 -1.374936 6.654133 -0.398809 -1.374936 6.654133 -0.138547 -1.459741 6.569327 -0.398809 -1.459741 6.569327 -0.138547 -1.514189 6.462467 -0.398809 -1.514189 6.462467 -0.138547 -1.532951 6.344010 -0.398809 -1.532951 6.344010 -0.138547 -1.514189 6.225554 -0.398809 -1.514189 6.225554 -0.138547 -1.459741 6.118694 -0.398809 -1.459741 6.118694 -0.138547 -1.374936 6.033889 -0.398809 -1.374936 6.033889 -0.138547 -1.268076 5.979442 -0.398809 -1.268076 5.979442 -0.138547 -1.149620 5.960680 -0.398809 -1.149620 5.960680 -0.138547 -1.031164 5.979442 -0.398809 -1.031164 5.979442 -0.138547 -0.924303 6.033889 -0.398809 -0.924303 6.033889 -0.138547 -0.839498 6.118694 -0.398809 -0.839498 6.118694 -0.138547 -0.785050 6.225554 -0.398809 -0.785050 6.225554 -0.138547 -0.766288 6.344010 -0.398809 -0.766288 6.344010 -0.138547 -0.785050 6.462467 -0.398809 -0.785050 6.462467 -0.138547 -0.820019 6.451105 -0.138547 -0.785050 6.462467 -0.138547 -0.839498 6.569327 -0.138547 -0.869245 6.547716 -0.138547 -0.924303 6.654133 -0.138547 -0.945916 6.624385 -0.138547 -1.031164 6.708581 -0.138547 -1.042526 6.673612 -0.138547 -1.149620 6.727343 -0.138547 -1.149620 6.690574 -0.138547 -1.268076 6.708581 -0.138547 -1.256713 6.673612 -0.138547 -1.374936 6.654133 -0.138547 -1.353324 6.624385 -0.138547 -1.459741 6.569327 -0.138547 -1.429994 6.547716 -0.138547 -1.514189 6.462467 -0.138547 -1.479220 6.451105 -0.138547 -1.532951 6.344010 -0.138547 -1.496182 6.344010 -0.138547 -1.514189 6.225554 -0.138547 -1.479220 6.236917 -0.138547 -1.459741 6.118694 -0.138547 -1.429994 6.140306 -0.138547 -1.374936 6.033889 -0.138547 -1.353324 6.063637 -0.138547 -1.268076 5.979442 -0.138547 
						-1.256713 6.014411 -0.138547 -1.149620 5.960680 -0.138547 -1.149620 5.997448 -0.138547 -1.031164 5.979442 -0.138547 -1.042526 6.014411 -0.138547 -0.924303 6.033889 -0.138547 -0.945915 6.063637 -0.138547 -0.839498 6.118694 -0.138547 -0.869245 6.140306 -0.138547 -0.785050 6.225554 -0.138547 -0.820019 6.236917 -0.138547 -0.766288 6.344010 -0.138547 -0.803057 6.344010 -0.138547 -1.149620 6.344010 -0.138547 -0.785050 7.281003 -0.138547 -0.785050 7.281003 -0.398809 -0.839498 7.387864 -0.398809 -0.839498 7.387864 -0.138547 -0.924303 7.472669 -0.398809 -0.924303 7.472669 -0.138547 -1.031164 7.527117 -0.398809 -1.031164 7.527117 -0.138547 -1.149620 7.545878 -0.398809 -1.149620 7.545878 -0.138547 -1.268076 7.527116 -0.398809 -1.268076 7.527116 -0.138547 -1.374936 7.472669 -0.398809 -1.374936 7.472669 -0.138547 -1.459741 7.387864 -0.398809 -1.459741 7.387864 -0.138547 -1.514189 7.281003 -0.398809 -1.514189 7.281003 -0.138547 -1.532951 7.162548 -0.398809 -1.532951 7.162548 -0.138547 -1.514189 7.044092 -0.398809 -1.514189 7.044092 -0.138547 -1.459741 6.937231 -0.398809 -1.459741 6.937231 -0.138547 -1.374936 6.852426 -0.398809 -1.374936 6.852426 -0.138547 -1.268076 6.797977 -0.398809 -1.268076 6.797977 -0.138547 -1.149620 6.779216 -0.398809 -1.149620 6.779216 -0.138547 -1.031164 6.797977 -0.398809 -1.031164 6.797977 -0.138547 -0.924303 6.852426 -0.398809 -0.924303 6.852426 -0.138547 -0.839498 6.937231 -0.398809 -0.839498 6.937231 -0.138547 -0.785050 7.044092 -0.398809 -0.785050 7.044092 -0.138547 -0.766288 7.162548 -0.398809 -0.766288 7.162548 -0.138547 -0.785050 7.281003 -0.398809 -0.785050 7.281003 -0.138547 -0.820019 7.269640 -0.138547 -0.785050 7.281003 -0.138547 -0.839498 7.387864 -0.138547 -0.869245 7.366251 -0.138547 -0.924303 7.472669 -0.138547 -0.945916 7.442922 -0.138547 -1.031164 7.527117 -0.138547 -1.042526 7.492147 -0.138547 
						-1.149620 7.545878 -0.138547 -1.149620 7.509110 -0.138547 -1.268076 7.527116 -0.138547 -1.256713 7.492147 -0.138547 -1.374936 7.472669 -0.138547 -1.353324 7.442922 -0.138547 -1.459741 7.387864 -0.138547 -1.429994 7.366251 -0.138547 -1.514189 7.281003 -0.138547 -1.479220 7.269640 -0.138547 -1.532951 7.162548 -0.138547 -1.496182 7.162548 -0.138547 -1.514189 7.044092 -0.138547 -1.479220 7.055453 -0.138547 -1.459741 6.937231 -0.138547 -1.429994 6.958842 -0.138547 -1.374936 6.852426 -0.138547 -1.353324 6.882173 -0.138547 -1.268076 6.797977 -0.138547 -1.256713 6.832946 -0.138547 -1.149620 6.779216 -0.138547 -1.149620 6.815985 -0.138547 -1.031164 6.797977 -0.138547 -1.042526 6.832946 -0.138547 -0.924303 6.852426 -0.138547 -0.945915 6.882173 -0.138547 -0.839498 6.937231 -0.138547 -0.869245 6.958842 -0.138547 -0.785050 7.044092 -0.138547 -0.820019 7.055453 -0.138547 -0.766288 7.162548 -0.138547 -0.803057 7.162548 -0.138547 -1.149620 7.162548 -0.138547 -0.228684 7.467438 -0.209168 -0.228684 7.467438 -0.379427 -0.299543 7.518920 -0.379427 -0.299543 7.518920 -0.209168 -0.299543 7.518920 -0.209168 -0.299543 7.518920 -0.379427 -0.387130 7.518920 -0.379427 -0.387130 7.518920 -0.209168 -0.387130 7.518920 -0.209168 -0.387130 7.518920 -0.379427 -0.457990 7.467438 -0.379427 -0.457990 7.467438 -0.209168 -0.457990 7.467438 -0.209168 -0.457990 7.467438 -0.379427 -0.485056 7.384138 -0.379427 -0.485056 7.384138 -0.209168 -0.485056 7.384138 -0.209168 -0.485056 7.384138 -0.379427 -0.457990 7.300838 -0.379427 -0.457990 7.300838 -0.209168 -0.457990 7.300838 -0.209168 -0.457990 7.300838 -0.379427 -0.387130 7.249354 -0.379427 -0.387130 7.249354 -0.209168 -0.387130 7.249354 -0.209168 -0.387130 7.249354 -0.379427 -0.299543 7.249354 -0.379427 -0.299543 7.249354 -0.209168 -0.299543 7.249354 -0.209168 -0.299543 7.249354 -0.379427 -0.228684 7.300838 -0.379427 
						-0.228684 7.300838 -0.209168 -0.228684 7.300838 -0.209168 -0.228684 7.300838 -0.379427 -0.201618 7.384138 -0.379427 -0.201618 7.384138 -0.209168 -0.201618 7.384138 -0.209168 -0.201618 7.384138 -0.379427 -0.228684 7.467438 -0.379427 -0.228684 7.467438 -0.209168 -0.228684 7.467438 -0.209168 -0.299543 7.518920 -0.209168 -0.343337 7.384138 -0.209168 -0.387130 7.518920 -0.209168 -0.457990 7.467438 -0.209168 -0.485056 7.384138 -0.209168 -0.457990 7.300838 -0.209168 -0.387130 7.249354 -0.209168 -0.299543 7.249354 -0.209168 -0.228684 7.300838 -0.209168 -0.201618 7.384138 -0.209168 -0.228684 6.213913 -0.211190 -0.228684 6.213913 -0.381450 -0.299543 6.265396 -0.381450 -0.299543 6.265396 -0.211190 -0.299543 6.265396 -0.211190 -0.299543 6.265396 -0.381450 -0.387130 6.265396 -0.381450 -0.387130 6.265396 -0.211190 -0.387130 6.265396 -0.211190 -0.387130 6.265396 -0.381450 -0.457990 6.213913 -0.381450 -0.457990 6.213913 -0.211190 -0.457990 6.213913 -0.211190 -0.457990 6.213913 -0.381450 -0.485056 6.130612 -0.381450 -0.485056 6.130612 -0.211190 -0.485056 6.130612 -0.211190 -0.485056 6.130612 -0.381450 -0.457990 6.047312 -0.381450 -0.457990 6.047312 -0.211190 -0.457990 6.047312 -0.211190 -0.457990 6.047312 -0.381450 -0.387130 5.995831 -0.381450 -0.387130 5.995831 -0.211190 -0.387130 5.995831 -0.211190 -0.387130 5.995831 -0.381450 -0.299543 5.995831 -0.381450 -0.299543 5.995831 -0.211190 -0.299543 5.995831 -0.211190 -0.299543 5.995831 -0.381450 -0.228684 6.047312 -0.381450 -0.228684 6.047312 -0.211190 -0.228684 6.047312 -0.211190 -0.228684 6.047312 -0.381450 -0.201618 6.130612 -0.381450 -0.201618 6.130612 -0.211190 -0.201618 6.130612 -0.211190 -0.201618 6.130612 -0.381450 -0.228684 6.213913 -0.381450 -0.228684 6.213913 -0.211190 -0.228684 6.213913 -0.211190 -0.299543 6.265396 -0.211190 -0.343337 6.130612 -0.211190 -0.387130 6.265396 -0.211190 
						-0.457990 6.213913 -0.211190 -0.485056 6.130612 -0.211190 -0.457990 6.047312 -0.211190 -0.387130 5.995831 -0.211190 -0.299543 5.995831 -0.211190 -0.228684 6.047312 -0.211190 -0.201618 6.130612 -0.211190 1.566308 5.344081 -0.439982 1.566308 4.934646 -0.439982 1.810661 4.934646 -0.439982 1.810661 5.344081 -0.439982 1.566308 4.934646 -0.532293 1.566308 5.344081 -0.532293 1.810661 5.344081 -0.532293 1.810661 4.934646 -0.532293 1.566308 4.911571 -0.446165 1.810661 4.911571 -0.446165 1.566308 4.894647 -0.463175 1.810661 4.894679 -0.463058 1.810661 4.888494 -0.486138 1.566308 4.888494 -0.486138 1.810661 5.390233 -0.486138 1.566308 5.390233 -0.486138 1.566308 5.384049 -0.463058 1.810661 5.384049 -0.463058 1.566308 5.367157 -0.446165 1.810661 5.367157 -0.446165 1.566308 5.367157 -0.526110 1.810661 5.367157 -0.526110 1.566308 5.384049 -0.509218 1.810661 5.384049 -0.509218 1.566308 5.390233 -0.486138 1.810661 5.390233 -0.486138 1.566308 4.894679 -0.509218 1.810661 4.894679 -0.509218 1.566308 4.911571 -0.526110 1.810661 4.911571 -0.526110 1.810661 5.344081 -0.439982 1.810661 5.344081 -0.532293 1.810661 5.367157 -0.526110 1.810661 5.367157 -0.446165 1.810661 4.894679 -0.509218 1.810661 4.911571 -0.526110 1.810661 4.911571 -0.446165 1.810661 4.894679 -0.463058 1.810661 4.934646 -0.532293 1.810661 4.934646 -0.439982 1.810661 4.888494 -0.486138 1.810661 5.384049 -0.463058 1.810661 5.384049 -0.509218 1.810661 5.390233 -0.486138 1.566308 6.016255 -0.439982 1.566308 5.606820 -0.439982 1.810661 5.606820 -0.439982 1.810661 6.016255 -0.439982 1.566308 5.606820 -0.532293 1.566308 6.016255 -0.532293 1.810661 6.016255 -0.532293 1.810661 5.606820 -0.532293 1.566308 5.583745 -0.446165 1.810661 5.583745 -0.446165 1.566308 5.566821 -0.463175 1.810661 5.566852 -0.463058 1.810661 5.560668 -0.486138 
						1.566308 5.560668 -0.486138 1.810661 6.062407 -0.486138 1.566308 6.062407 -0.486138 1.566308 6.056222 -0.463058 1.810661 6.056222 -0.463058 1.566308 6.039330 -0.446165 1.810661 6.039330 -0.446165 1.566308 6.039330 -0.526110 1.810661 6.039330 -0.526110 1.566308 6.056222 -0.509218 1.810661 6.056222 -0.509218 1.566308 6.062407 -0.486138 1.810661 6.062407 -0.486138 1.566308 5.566852 -0.509218 1.810661 5.566852 -0.509218 1.566308 5.583745 -0.526110 1.810661 5.583745 -0.526110 1.810661 6.016255 -0.439982 1.810661 6.016255 -0.532293 1.810661 6.039330 -0.526110 1.810661 6.039330 -0.446165 1.810661 5.566852 -0.509218 1.810661 5.583745 -0.526110 1.810661 5.583745 -0.446165 1.810661 5.566852 -0.463058 1.810661 5.606820 -0.532293 1.810661 5.606820 -0.439982 1.810661 5.560668 -0.486138 1.810661 6.056222 -0.463058 1.810661 6.056222 -0.509218 1.810661 6.062407 -0.486138 -1.600039 0.668007 -0.636926 -1.644894 0.720078 -0.636926 1.607625 0.720078 -0.636926 1.562772 0.668007 -0.636926 -1.682688 0.777665 -0.636926 1.645420 0.777665 -0.636926 -1.712775 0.839781 -0.636926 1.675508 0.839781 -0.636926 -1.734643 0.905364 -0.636926 1.697375 0.905364 -0.636926 -1.747915 0.973288 -0.636926 1.710647 0.973288 -0.636926 1.715096 1.042400 -0.636926 -1.752363 1.042400 -0.636926 1.715096 7.208415 -0.636926 -1.752363 7.208415 -0.636926 1.710647 7.277525 -0.636926 -1.747915 7.277525 -0.636926 1.697375 7.345452 -0.636926 -1.734643 7.345452 -0.636926 1.675508 7.411034 -0.636926 -1.712775 7.411034 -0.636926 1.645420 7.473149 -0.636926 -1.682688 7.473149 -0.636926 1.607625 7.530736 -0.636926 -1.644894 7.530736 -0.636926 1.562772 7.582807 -0.636926 -1.600039 7.582807 -0.636926 1.511626 7.628473 -0.636926 -1.548893 7.628473 -0.636926 1.455063 7.666951 -0.636926 -1.492330 7.666951 -0.636926 1.394050 7.697581 -0.636926 
						-1.431318 7.697581 -0.636926 1.329632 7.719846 -0.636926 -1.366900 7.719846 -0.636926 1.262912 7.733356 -0.636926 -1.300179 7.733356 -0.636926 1.195029 7.737885 -0.636926 -1.232296 7.737885 -0.636926 -1.548893 0.622341 -0.636926 1.511626 0.622341 -0.636926 -1.492330 0.583861 -0.636926 1.455063 0.583861 -0.636926 -1.431318 0.553230 -0.636926 1.394050 0.553230 -0.636926 -1.366900 0.530967 -0.636926 1.329632 0.530967 -0.636926 -1.300179 0.517457 -0.636926 1.262912 0.517457 -0.636926 -1.232296 0.512931 -0.636926 1.195029 0.512931 -0.636926 0.106698 0.699384 -0.436491 0.106698 0.460957 -0.436491 -0.148699 0.460957 -0.436491 -0.148699 0.699384 -0.436491 -0.148699 0.699384 -0.542005 0.106698 0.699384 -0.542005 0.106698 0.699384 -0.436491 -0.148699 0.699384 -0.436491 0.106698 0.699384 -0.542005 0.106698 0.460957 -0.542005 0.137563 0.460957 -0.534938 0.137563 0.699384 -0.534938 0.106788 0.460957 -0.436510 -0.148746 0.460957 -0.436501 -0.148699 0.460957 -0.436491 -1.272018 0.460957 -0.325196 0.106788 0.460957 -0.436510 1.234750 0.460957 -0.325196 0.106698 0.460957 -0.436491 1.220165 0.477360 -0.325196 1.289453 0.481936 -0.325196 -1.326721 0.481936 -0.325196 -1.257432 0.477360 -0.325196 0.137563 0.699384 -0.443559 0.137592 0.460957 -0.443590 0.137563 0.460957 -0.443559 1.357556 0.495578 -0.325196 -1.394823 0.495578 -0.325196 -1.460575 0.518059 -0.325196 1.423308 0.518059 -0.325196 0.137563 0.699384 -0.534938 0.137563 0.460957 -0.534938 0.156618 0.460957 -0.515629 0.156618 0.699384 -0.515629 0.156618 0.699384 -0.515629 0.165217 0.699384 -0.489248 0.156618 0.699384 -0.462867 -1.522851 0.548992 -0.325196 1.485584 0.548992 -0.325196 0.156618 0.699384 -0.515629 0.156618 0.460957 -0.515629 0.165217 0.460957 -0.489248 0.165217 0.699384 -0.489248 -1.580586 0.587848 -0.325196 1.543318 0.587848 -0.325196 
						1.234750 0.460957 -0.636926 0.137563 0.460957 -0.534938 0.106698 0.460957 -0.542005 0.165217 0.699384 -0.489248 0.165217 0.460957 -0.489248 0.156618 0.460957 -0.462867 0.156618 0.699384 -0.462867 0.137563 0.699384 -0.443559 0.137563 0.460957 -0.443559 0.156618 0.460957 -0.515629 0.137563 0.699384 -0.534938 0.137563 0.699384 -0.443559 0.156618 0.699384 -0.462867 0.156618 0.460957 -0.462867 0.165217 0.460957 -0.489248 -1.632791 0.633965 -0.325196 1.595524 0.633965 -0.325196 -1.678575 0.686548 -0.325196 1.641307 0.686548 -0.325196 0.156618 0.460957 -0.462867 0.137592 0.460957 -0.443590 -1.717151 0.744702 -0.325196 1.679884 0.744702 -0.325196 -1.747862 0.807428 -0.325196 1.710595 0.807428 -0.325196 0.137563 0.460957 -0.443559 -1.770182 0.873657 -0.325196 1.732915 0.873657 -0.325196 -1.783729 0.942253 -0.325196 1.746462 0.942253 -0.325196 -1.788270 1.012043 -0.325196 1.751003 1.012043 -0.325196 1.262912 0.517457 -0.636926 1.304855 0.465552 -0.636926 1.234750 0.460957 -0.636926 1.195029 0.512931 -0.636926 1.329632 0.530967 -0.636926 1.373759 0.479256 -0.636926 1.304855 0.465552 -0.636926 1.304855 0.465550 -0.325196 1.394050 0.553230 -0.636926 1.440285 0.501839 -0.636926 1.373759 0.479256 -0.636926 1.329632 0.530967 -0.636926 1.373759 0.479256 -0.636926 1.373759 0.479256 -0.325196 1.455063 0.583861 -0.636926 1.503294 0.532912 -0.636926 1.440285 0.501839 -0.636926 1.440285 0.501839 -0.325196 1.511626 0.622341 -0.636926 1.561708 0.571944 -0.636926 1.503294 0.532912 -0.636926 1.455063 0.583861 -0.636926 1.503294 0.532912 -0.636926 1.503294 0.532912 -0.325196 1.562772 0.668007 -0.636926 1.614529 0.618266 -0.636926 1.561708 0.571944 -0.636926 1.561709 0.571944 -0.325196 1.607625 0.720078 -0.636926 1.660851 0.671085 -0.636926 1.614529 0.618266 -0.636926 1.562772 0.668007 -0.636926 
						-1.752363 1.042400 -0.636926 -1.809106 0.998044 -0.636926 -1.809106 7.252769 -0.636926 -1.752363 7.208415 -0.636926 1.614529 0.618266 -0.636926 1.614529 0.618266 -0.325196 1.645420 0.777665 -0.636926 1.699882 0.729501 -0.636926 1.660851 0.671085 -0.636926 1.607625 0.720078 -0.636926 1.660851 0.671085 -0.636926 1.660851 0.671085 -0.325196 1.614529 0.618266 -0.325196 1.614529 0.618266 -0.636926 -1.809106 7.252769 -0.636926 -1.809106 0.998044 -0.636926 -1.809106 0.998044 -0.325196 -1.809106 7.252769 -0.325196 1.675508 0.839781 -0.636926 1.730955 0.792510 -0.636926 1.699882 0.729501 -0.636926 1.645420 0.777665 -0.636926 1.699882 0.729501 -0.636926 1.699882 0.729501 -0.325196 1.697375 0.905364 -0.636926 1.753537 0.859036 -0.636926 1.730955 0.792510 -0.636926 1.730955 0.792510 -0.325196 1.710647 0.973288 -0.636926 1.767244 0.927941 -0.636926 1.753537 0.859036 -0.636926 1.697375 0.905364 -0.636926 1.753537 0.859036 -0.636926 1.753537 0.859036 -0.325196 1.715096 1.042400 -0.636926 1.771838 0.998044 -0.636926 1.767244 0.927941 -0.636926 1.767244 0.927941 -0.325196 1.771838 0.998044 -0.636926 1.771838 0.998044 -0.325196 1.771838 4.210617 -0.450071 1.771838 4.223900 -0.463058 1.771838 6.325913 -0.532293 1.771838 4.230198 -0.486210 1.771838 7.252769 -0.636926 1.771838 6.569195 -0.532293 1.771838 6.582906 -0.526110 1.771854 6.592943 -0.509218 1.771838 7.252769 -0.325196 1.771838 6.596617 -0.486138 1.771838 6.592943 -0.463058 1.771838 6.582906 -0.446165 1.771838 6.302148 -0.463166 1.771838 6.312202 -0.446165 1.771838 6.569195 -0.439982 1.771838 6.325913 -0.439982 -1.788270 7.238770 -0.325196 1.751003 7.238770 -0.325196 1.752098 6.318566 -0.486138 1.752098 6.304739 -0.486138 1.752098 6.308279 -0.493221 1.752098 6.586624 -0.493169 1.752098 6.590100 -0.486138 1.752098 6.576298 -0.486138 
						1.766641 3.509146 -0.509218 1.771838 3.509146 -0.509218 1.771838 3.526423 -0.526110 1.766641 3.526423 -0.526110 1.766641 3.502829 -0.486138 1.771838 3.502829 -0.486138 1.771838 3.509146 -0.509218 1.766641 3.509146 -0.509218 1.771838 3.549801 -0.532293 1.766641 3.549801 -0.532293 1.766641 3.509105 -0.463160 1.771838 3.509105 -0.463160 1.771838 3.502829 -0.486138 1.766641 3.502829 -0.486138 1.766641 3.549801 -0.439982 1.771838 3.549801 -0.439982 1.771838 3.526423 -0.446165 1.766641 3.526423 -0.446165 -1.752363 7.208415 -0.636926 -1.809106 7.252769 -0.636926 -1.804511 7.322874 -0.636926 -1.747915 7.277525 -0.636926 -1.747915 7.277525 -0.636926 -1.804511 7.322874 -0.636926 -1.790805 7.391778 -0.636926 -1.734643 7.345452 -0.636926 -1.804511 7.322874 -0.325196 -1.804511 7.322874 -0.636926 -1.734643 7.345452 -0.636926 -1.790805 7.391778 -0.636926 -1.768222 7.458303 -0.636926 -1.712775 7.411034 -0.636926 -1.790805 7.391778 -0.325196 -1.790805 7.391778 -0.636926 1.771838 4.183245 -0.532294 1.766641 4.183245 -0.532293 -1.737149 7.521314 -0.636926 -1.682688 7.473149 -0.636926 -1.768222 7.458303 -0.325196 -1.768222 7.458303 -0.636926 -1.682688 7.473149 -0.636926 -1.737149 7.521314 -0.636926 -1.698119 7.579729 -0.636926 -1.644894 7.530736 -0.636926 1.715096 7.208415 -0.636926 1.771838 7.252769 -0.636926 1.771838 0.998044 -0.636926 1.715096 1.042400 -0.636926 -1.737149 7.521314 -0.325196 -1.737149 7.521314 -0.636926 -1.644894 7.530736 -0.636926 -1.698119 7.579729 -0.636926 -1.651796 7.632548 -0.636926 -1.600039 7.582807 -0.636926 -1.698119 7.579729 -0.325196 -1.698119 7.579729 -0.636926 -1.600039 7.582807 -0.636926 -1.651796 7.632548 -0.636926 -1.598976 7.678871 -0.636926 -1.548893 7.628473 -0.636926 1.771838 4.206622 -0.526111 1.766641 4.206622 -0.526111 1.766641 4.206622 -0.526111 1.771838 4.206622 -0.526111 
						1.771838 4.223900 -0.509218 1.766641 4.223900 -0.509218 -1.651796 7.632548 -0.325196 -1.651796 7.632548 -0.636926 -1.548893 7.628473 -0.636926 -1.598976 7.678871 -0.636926 -1.540561 7.717902 -0.636926 -1.492330 7.666951 -0.636926 1.766641 4.206622 -0.446165 1.771838 4.206622 -0.446166 1.771838 4.183245 -0.439983 1.766641 4.183245 -0.439982 1.766641 4.230217 -0.486138 1.771838 4.230198 -0.486210 1.771838 4.223900 -0.463058 1.766641 4.223900 -0.463058 -1.598976 7.678871 -0.325196 -1.598976 7.678871 -0.636926 -1.492330 7.666951 -0.636926 -1.540561 7.717902 -0.636926 -1.477552 7.748974 -0.636926 -1.431318 7.697581 -0.636926 -1.540561 7.717902 -0.325196 -1.540561 7.717902 -0.636926 -1.431318 7.697581 -0.636926 -1.477552 7.748974 -0.636926 -1.411026 7.771558 -0.636926 -1.366900 7.719846 -0.636926 -1.477552 7.748974 -0.325196 -1.477552 7.748974 -0.636926 -1.366900 7.719846 -0.636926 -1.411026 7.771558 -0.636926 -1.342122 7.785264 -0.636926 -1.300179 7.733356 -0.636926 -1.411026 7.771558 -0.325196 -1.411026 7.771558 -0.636926 -1.272018 7.789858 -0.636926 -1.232296 7.737885 -0.636926 -1.342122 7.785264 -0.325196 -1.342122 7.785264 -0.636926 -1.272018 7.789858 -0.325196 -1.272018 7.789858 -0.636926 1.771838 4.223900 -0.509218 1.771838 3.549801 -0.532293 1.771838 4.183245 -0.532294 1.771838 4.206622 -0.526111 -1.783729 7.308560 -0.325196 1.746462 7.308560 -0.325196 -1.770182 7.377156 -0.325196 1.732915 7.377156 -0.325196 -1.747862 7.443384 -0.325196 1.710595 7.443384 -0.325196 -1.232296 7.737885 -0.636926 -1.272018 7.789858 -0.636926 1.234750 7.789858 -0.636926 1.195029 7.737885 -0.636926 -1.717151 7.506112 -0.325196 1.679884 7.506112 -0.325196 -1.678575 7.564266 -0.325196 1.641307 7.564266 -0.325196 -1.632791 7.616849 -0.325196 1.595524 7.616849 -0.325196 1.234750 7.789858 -0.636926 1.234750 7.789858 -0.325196 
						-1.580586 7.662965 -0.325196 1.543318 7.662965 -0.325196 -1.522851 7.701820 -0.325196 1.485584 7.701820 -0.325196 -1.460575 7.732755 -0.325196 1.423308 7.732755 -0.325196 -1.394823 7.755237 -0.325196 1.357556 7.755237 -0.325196 -1.326721 7.768878 -0.325196 1.289453 7.768878 -0.325196 -1.257432 7.773455 -0.325196 1.220165 7.773455 -0.325196 1.752098 6.298491 -0.486138 1.752098 6.302167 -0.509218 1.771854 6.302166 -0.509218 1.752098 6.302167 -0.509218 1.752098 6.298491 -0.486138 1.771838 6.298491 -0.486138 1.793734 6.302167 -0.509218 1.771854 6.302166 -0.509218 1.771838 6.312202 -0.526110 1.793734 6.312202 -0.526110 1.793734 6.312202 -0.526110 1.771838 6.312202 -0.526110 1.771838 6.325913 -0.532293 1.793734 6.325913 -0.532293 1.771869 6.308279 -0.493221 1.752098 6.308279 -0.493221 1.752098 6.302167 -0.509218 1.771854 6.302166 -0.509218 1.752098 6.302148 -0.463175 1.771838 6.302148 -0.463166 1.771838 6.298491 -0.486138 1.752098 6.298491 -0.486138 1.771869 6.318566 -0.486138 1.752098 6.318566 -0.486138 1.752098 6.308279 -0.493221 1.771869 6.308279 -0.493221 1.752098 6.312202 -0.446165 1.752098 6.302148 -0.463175 1.752098 6.325913 -0.439982 1.771838 6.302148 -0.463166 1.752098 6.302148 -0.463175 1.752098 6.312202 -0.446165 1.771838 6.312202 -0.446165 1.771838 6.312202 -0.446165 1.752098 6.312202 -0.446165 1.752098 6.325913 -0.439982 1.771838 6.325913 -0.439982 1.793734 6.325913 -0.532293 1.771838 6.325913 -0.532293 1.771838 6.569195 -0.532293 1.793734 6.569195 -0.532293 1.771869 6.576298 -0.486138 1.752098 6.576298 -0.486138 1.752098 6.318566 -0.486138 1.771869 6.318566 -0.486138 1.752098 6.569195 -0.439982 1.771838 6.325913 -0.439982 1.752098 6.325913 -0.439982 1.752098 6.569195 -0.439982 1.771838 6.569195 -0.439982 1.793734 6.569195 -0.532293 1.771838 6.569195 -0.532293 
						1.771838 6.582906 -0.526110 1.793734 6.582906 -0.526110 1.752098 6.596617 -0.486138 1.752098 6.592943 -0.509218 1.793734 6.582906 -0.526110 1.771838 6.582906 -0.526110 1.771854 6.592943 -0.509218 1.793734 6.592943 -0.509218 1.771838 6.596617 -0.486138 1.752098 6.596617 -0.486138 1.752098 6.592943 -0.509218 1.771854 6.592943 -0.509218 1.752098 6.592943 -0.463058 1.771854 6.592943 -0.509218 1.752098 6.592943 -0.509218 1.752098 6.586624 -0.493169 1.771869 6.586623 -0.493169 1.771869 6.586623 -0.493169 1.752098 6.586624 -0.493169 1.752098 6.576298 -0.486138 1.771869 6.576298 -0.486138 1.752098 6.582906 -0.446165 1.771838 6.592943 -0.463058 1.752098 6.592943 -0.463058 1.752098 6.596617 -0.486138 1.771838 6.596617 -0.486138 1.771838 6.569195 -0.439982 1.752098 6.569195 -0.439982 1.752098 6.582906 -0.446165 1.771838 6.582906 -0.446165 1.771838 6.582906 -0.446165 1.752098 6.582906 -0.446165 1.752098 6.592943 -0.463058 1.771838 6.592943 -0.463058 1.710647 7.277525 -0.636926 1.767244 7.322874 -0.636926 1.771838 7.252769 -0.636926 1.715096 7.208415 -0.636926 1.195029 7.737885 -0.636926 1.234750 7.789858 -0.636926 1.304855 7.785264 -0.636926 1.262912 7.733356 -0.636926 1.697375 7.345452 -0.636926 1.753537 7.391778 -0.636926 1.767244 7.322874 -0.636926 1.710647 7.277525 -0.636926 1.262912 7.733356 -0.636926 1.304855 7.785264 -0.636926 1.373759 7.771558 -0.636926 1.329632 7.719846 -0.636926 1.675508 7.411034 -0.636926 1.730955 7.458303 -0.636926 1.753537 7.391778 -0.636926 1.697375 7.345452 -0.636926 1.329632 7.719846 -0.636926 1.373759 7.771558 -0.636926 1.440285 7.748974 -0.636926 1.394050 7.697581 -0.636926 1.645420 7.473149 -0.636926 1.699882 7.521314 -0.636926 1.730955 7.458303 -0.636926 1.675508 7.411034 -0.636926 1.394050 7.697581 -0.636926 1.440285 7.748974 -0.636926 
						1.503294 7.717902 -0.636926 1.455063 7.666951 -0.636926 1.766641 4.223900 -0.509218 1.771838 4.223900 -0.509218 1.766641 4.230217 -0.486138 1.771838 4.230198 -0.486210 1.767244 7.322874 -0.636926 1.767244 7.322874 -0.325196 1.304855 7.785264 -0.325196 1.304855 7.785264 -0.636926 1.607625 7.530736 -0.636926 1.660851 7.579729 -0.636926 1.699882 7.521314 -0.636926 1.645420 7.473149 -0.636926 1.455063 7.666951 -0.636926 1.503294 7.717902 -0.636926 1.561708 7.678871 -0.636926 1.511626 7.628473 -0.636926 1.562772 7.582807 -0.636926 1.614529 7.632548 -0.636926 1.660851 7.579729 -0.636926 1.607625 7.530736 -0.636926 1.511626 7.628473 -0.636926 1.561708 7.678871 -0.636926 1.614529 7.632548 -0.636926 1.562772 7.582807 -0.636926 1.753537 7.391778 -0.636926 1.753537 7.391778 -0.325196 1.373759 7.771558 -0.325196 1.373759 7.771558 -0.636926 1.730955 7.458303 -0.636926 1.730955 7.458303 -0.325196 1.440285 7.748974 -0.325196 1.440285 7.748974 -0.636926 1.699882 7.521314 -0.636926 1.699882 7.521314 -0.325196 1.503294 7.717902 -0.325196 1.503294 7.717902 -0.636926 1.660851 7.579729 -0.636926 1.660851 7.579729 -0.325196 1.561709 7.678871 -0.325196 1.561708 7.678871 -0.636926 1.614529 7.632548 -0.636926 1.614529 7.632548 -0.325196 1.771838 4.223900 -0.463058 1.771838 4.210617 -0.450071 1.766641 4.223900 -0.463058 1.793734 6.302167 -0.509218 1.793734 6.312202 -0.526110 1.793734 6.308279 -0.493221 1.793734 6.318566 -0.486138 1.793734 6.576298 -0.486138 1.793734 6.325913 -0.532293 1.793734 6.592943 -0.509218 1.793734 6.586624 -0.493169 1.793734 6.582906 -0.526110 1.793734 6.569195 -0.532293 1.766641 3.526423 -0.526110 1.766641 3.549801 -0.532293 1.766641 3.509146 -0.509218 1.766641 3.502829 -0.486138 1.766641 3.509105 -0.463160 1.766641 4.183245 -0.532293 1.766641 3.526423 -0.446165 
						1.766641 3.549801 -0.439982 1.766641 4.206622 -0.526111 1.766641 4.223900 -0.509218 1.766641 4.230217 -0.486138 1.766641 4.223900 -0.463058 1.766641 4.206622 -0.446165 1.766641 4.183245 -0.439982 -0.148746 0.460957 -0.436501 -0.148699 0.699384 -0.542005 -0.148699 0.460957 -0.542005 -0.179564 0.699384 -0.534938 -0.179564 0.699384 -0.443559 -0.198619 0.699384 -0.515629 -0.198619 0.699384 -0.462867 -0.207218 0.699384 -0.489248 -0.179564 0.699384 -0.443559 -0.179568 0.460957 -0.443559 -0.198619 0.460957 -0.462867 -0.198627 0.460957 -0.462890 -0.198619 0.699384 -0.462867 -0.179564 0.699384 -0.443559 -0.179568 0.460957 -0.443559 -0.198619 0.460957 -0.462867 -0.198619 0.699384 -0.462867 -0.207218 0.699384 -0.489248 -0.207218 0.460957 -0.489248 -1.272018 0.460957 -0.636926 -0.148699 0.460957 -0.542005 1.195029 0.512931 -0.636926 1.234750 0.460957 -0.636926 -1.272018 0.460957 -0.636926 -1.232296 0.512931 -0.636926 -0.207218 0.699384 -0.489248 -0.207218 0.460957 -0.489248 -0.198619 0.460957 -0.515630 -0.198619 0.699384 -0.515629 -0.179564 0.699384 -0.534938 -0.179564 0.460957 -0.534938 -0.198619 0.699384 -0.515629 -0.198619 0.460957 -0.515630 -0.179564 0.460957 -0.534938 -0.179564 0.699384 -0.534938 -0.179568 0.460957 -0.443559 -0.207218 0.460957 -0.489248 -0.198627 0.460957 -0.462890 -0.198619 0.460957 -0.515630 -0.179564 0.460957 -0.534938 -0.198619 0.460957 -0.462867 -1.804511 0.927941 -0.636926 -1.804511 0.927941 -0.325196 -1.342122 0.465550 -0.325196 -1.342122 0.465552 -0.636926 -1.790805 0.859036 -0.636926 -1.790805 0.859036 -0.325196 -1.411026 0.479256 -0.325196 -1.411026 0.479256 -0.636926 -1.768222 0.792510 -0.636926 -1.768222 0.792510 -0.325196 -1.477552 0.501839 -0.325196 -1.477552 0.501839 -0.636926 -1.747915 0.973288 -0.636926 -1.804511 0.927941 -0.636926 -1.809106 0.998044 -0.636926 -1.752363 1.042400 -0.636926 
						-1.232296 0.512931 -0.636926 -1.272018 0.460957 -0.636926 -1.342122 0.465552 -0.636926 -1.300179 0.517457 -0.636926 -1.737149 0.729501 -0.636926 -1.737149 0.729501 -0.325196 -1.540561 0.532912 -0.325196 -1.540561 0.532912 -0.636926 -1.598976 0.571944 -0.325196 -1.598976 0.571944 -0.636926 -1.698119 0.671085 -0.636926 -1.698119 0.671085 -0.325196 -1.651796 0.618266 -0.325196 -1.651796 0.618266 -0.636926 -1.651796 0.618266 -0.636926 -1.651796 0.618266 -0.325196 -1.734643 0.905364 -0.636926 -1.790805 0.859036 -0.636926 -1.804511 0.927941 -0.636926 -1.747915 0.973288 -0.636926 -1.300179 0.517457 -0.636926 -1.342122 0.465552 -0.636926 -1.411026 0.479256 -0.636926 -1.366900 0.530967 -0.636926 -1.712775 0.839781 -0.636926 -1.768222 0.792510 -0.636926 -1.790805 0.859036 -0.636926 -1.734643 0.905364 -0.636926 -1.366900 0.530967 -0.636926 -1.411026 0.479256 -0.636926 -1.477552 0.501839 -0.636926 -1.431318 0.553230 -0.636926 -1.682688 0.777665 -0.636926 -1.737149 0.729501 -0.636926 -1.768222 0.792510 -0.636926 -1.712775 0.839781 -0.636926 -1.431318 0.553230 -0.636926 -1.477552 0.501839 -0.636926 -1.540561 0.532912 -0.636926 -1.492330 0.583861 -0.636926 -1.644894 0.720078 -0.636926 -1.698119 0.671085 -0.636926 -1.492330 0.583861 -0.636926 -1.540561 0.532912 -0.636926 -1.598976 0.571944 -0.636926 -1.548893 0.622341 -0.636926 -1.600039 0.668007 -0.636926 -1.651796 0.618266 -0.636926 -1.548893 0.622341 -0.636926 -1.598976 0.571944 -0.636926 1.771838 3.526423 -0.526110 1.771838 3.509146 -0.509218 1.771838 3.502829 -0.486138 1.771838 3.509105 -0.463160 1.771838 3.526423 -0.446165 1.771838 3.549801 -0.439982 1.771838 6.312202 -0.526110 1.771854 6.302166 -0.509218 1.771838 6.298491 -0.486138 1.771838 4.206622 -0.446166 1.771838 4.183245 -0.439983 -1.326721 0.481936 -0.325196 -1.342122 0.465550 -0.325196 -1.272018 0.460957 -0.325196 
						-1.257432 0.477360 -0.325196 -1.257432 0.477360 -0.325196 -1.272018 0.460957 -0.325196 1.234750 0.460957 -0.325196 1.220165 0.477360 -0.325196 1.220165 0.477360 -0.325196 1.234750 0.460957 -0.325196 1.304855 0.465550 -0.325196 1.289453 0.481936 -0.325196 1.289453 0.481936 -0.325196 1.304855 0.465550 -0.325196 1.373759 0.479256 -0.325196 1.357556 0.495578 -0.325196 -1.394823 0.495578 -0.325196 -1.411026 0.479256 -0.325196 -1.342122 0.465550 -0.325196 -1.326721 0.481936 -0.325196 1.357556 0.495578 -0.325196 1.373759 0.479256 -0.325196 1.440285 0.501839 -0.325196 1.423308 0.518059 -0.325196 -1.460575 0.518059 -0.325196 -1.477552 0.501839 -0.325196 -1.411026 0.479256 -0.325196 -1.394823 0.495578 -0.325196 1.423308 0.518059 -0.325196 1.440285 0.501839 -0.325196 1.503294 0.532912 -0.325196 1.485584 0.548992 -0.325196 -1.522851 0.548992 -0.325196 -1.540561 0.532912 -0.325196 1.485584 0.548992 -0.325196 1.503294 0.532912 -0.325196 1.561709 0.571944 -0.325196 1.543318 0.587848 -0.325196 -1.580586 0.587848 -0.325196 -1.598976 0.571944 -0.325196 1.614529 0.618266 -0.325196 1.595524 0.633965 -0.325196 -1.632791 0.633965 -0.325196 -1.651796 0.618266 -0.325196 1.660851 0.671085 -0.325196 1.641307 0.686548 -0.325196 -1.678575 0.686548 -0.325196 -1.698119 0.671085 -0.325196 -1.651796 0.618266 -0.325196 -1.632791 0.633965 -0.325196 1.641307 0.686548 -0.325196 1.660851 0.671085 -0.325196 1.699882 0.729501 -0.325196 1.679884 0.744702 -0.325196 -1.717151 0.744702 -0.325196 -1.737149 0.729501 -0.325196 -1.698119 0.671085 -0.325196 -1.678575 0.686548 -0.325196 1.679884 0.744702 -0.325196 1.699882 0.729501 -0.325196 1.730955 0.792510 -0.325196 1.710595 0.807428 -0.325196 -1.747862 0.807428 -0.325196 -1.768222 0.792510 -0.325196 -1.737149 0.729501 -0.325196 -1.717151 0.744702 -0.325196 1.753537 0.859036 -0.325196 
						1.732915 0.873657 -0.325196 -1.770182 0.873657 -0.325196 -1.790805 0.859036 -0.325196 -1.768222 0.792510 -0.325196 -1.747862 0.807428 -0.325196 1.732915 0.873657 -0.325196 1.753537 0.859036 -0.325196 1.767244 0.927941 -0.325196 1.746462 0.942253 -0.325196 -1.783729 0.942253 -0.325196 -1.804511 0.927941 -0.325196 -1.790805 0.859036 -0.325196 -1.770182 0.873657 -0.325196 1.746462 0.942253 -0.325196 1.767244 0.927941 -0.325196 1.771838 0.998044 -0.325196 1.751003 1.012043 -0.325196 -1.788270 1.012043 -0.325196 -1.809106 0.998044 -0.325196 -1.804511 0.927941 -0.325196 -1.783729 0.942253 -0.325196 1.751003 1.012043 -0.325196 1.771838 0.998044 -0.325196 1.771838 7.252769 -0.325196 1.751003 7.238770 -0.325196 -1.788270 7.238770 -0.325196 -1.809106 7.252769 -0.325196 1.751003 7.238770 -0.325196 1.771838 7.252769 -0.325196 1.767244 7.322874 -0.325196 1.746462 7.308560 -0.325196 -1.783729 7.308560 -0.325196 -1.804511 7.322874 -0.325196 -1.809106 7.252769 -0.325196 -1.788270 7.238770 -0.325196 1.746462 7.308560 -0.325196 1.767244 7.322874 -0.325196 1.753537 7.391778 -0.325196 1.732915 7.377156 -0.325196 -1.770182 7.377156 -0.325196 -1.790805 7.391778 -0.325196 -1.804511 7.322874 -0.325196 -1.783729 7.308560 -0.325196 1.732915 7.377156 -0.325196 1.753537 7.391778 -0.325196 1.730955 7.458303 -0.325196 1.710595 7.443384 -0.325196 -1.747862 7.443384 -0.325196 -1.768222 7.458303 -0.325196 -1.790805 7.391778 -0.325196 -1.770182 7.377156 -0.325196 1.710595 7.443384 -0.325196 1.730955 7.458303 -0.325196 1.699882 7.521314 -0.325196 1.679884 7.506112 -0.325196 -1.717151 7.506112 -0.325196 -1.737149 7.521314 -0.325196 -1.768222 7.458303 -0.325196 -1.747862 7.443384 -0.325196 1.679884 7.506112 -0.325196 1.699882 7.521314 -0.325196 1.660851 7.579729 -0.325196 1.641307 7.564266 -0.325196 -1.678575 7.564266 -0.325196 
						-1.698119 7.579729 -0.325196 -1.737149 7.521314 -0.325196 -1.717151 7.506112 -0.325196 1.641307 7.564266 -0.325196 1.660851 7.579729 -0.325196 1.614529 7.632548 -0.325196 1.595524 7.616849 -0.325196 -1.632791 7.616849 -0.325196 -1.651796 7.632548 -0.325196 -1.698119 7.579729 -0.325196 -1.678575 7.564266 -0.325196 1.595524 7.616849 -0.325196 1.614529 7.632548 -0.325196 1.561709 7.678871 -0.325196 1.543318 7.662965 -0.325196 -1.580586 7.662965 -0.325196 -1.598976 7.678871 -0.325196 -1.651796 7.632548 -0.325196 -1.632791 7.616849 -0.325196 1.503294 7.717902 -0.325196 1.485584 7.701820 -0.325196 -1.522851 7.701820 -0.325196 -1.540561 7.717902 -0.325196 -1.598976 7.678871 -0.325196 -1.580586 7.662965 -0.325196 1.440285 7.748974 -0.325196 1.423308 7.732755 -0.325196 -1.460575 7.732755 -0.325196 -1.477552 7.748974 -0.325196 -1.540561 7.717902 -0.325196 -1.522851 7.701820 -0.325196 1.373759 7.771558 -0.325196 1.357556 7.755237 -0.325196 -1.394823 7.755237 -0.325196 -1.411026 7.771558 -0.325196 -1.477552 7.748974 -0.325196 -1.460575 7.732755 -0.325196 1.304855 7.785264 -0.325196 1.289453 7.768878 -0.325196 -1.326721 7.768878 -0.325196 -1.342122 7.785264 -0.325196 -1.411026 7.771558 -0.325196 -1.394823 7.755237 -0.325196 1.234750 7.789858 -0.325196 1.220165 7.773455 -0.325196 1.220165 7.773455 -0.325196 1.234750 7.789858 -0.325196 -1.272018 7.789858 -0.325196 -1.257432 7.773455 -0.325196 -1.257432 7.773455 -0.325196 -1.272018 7.789858 -0.325196 -1.342122 7.785264 -0.325196 -1.326721 7.768878 -0.325196 1.793734 6.308279 -0.493221 1.793734 6.302167 -0.509218 1.793734 6.318566 -0.486138 1.793734 6.308279 -0.493221 1.793734 6.576298 -0.486138 1.793734 6.318566 -0.486138 1.793734 6.586624 -0.493169 1.793734 6.576298 -0.486138 1.793734 6.592943 -0.509218 1.793734 6.586624 -0.493169 
					</float_array>
					<technique_common>
						<accessor count="1471" offset="0" source="#meshId0-positions-array" stride="3">
							<param name="X" type="float" />
							<param name="Y" type="float" />
							<param name="Z" type="float" />
						</accessor>
					</technique_common>
				</source>
				<source id="meshId0-normals" name="meshId0-normals">
					<float_array id="meshId0-normals-array" count="4413"> 
						-1.000000 0.000000 0.000000 -1.000000 0.000000 0.000000 -1.000000 0.000000 0.000000 -1.000000 0.000000 0.000000 0.000000 -0.835237 -0.549890 0.000000 -0.835237 -0.549890 0.000000 -0.934520 -0.355911 0.000000 -0.934520 -0.355911 0.000000 -0.934124 0.356948 0.000000 -0.934124 0.356948 0.000000 -0.835234 0.549894 0.000000 -0.835234 0.549894 0.000000 -0.696126 0.717920 0.000000 -0.696126 0.717920 0.000000 -0.182752 0.983159 0.000000 -0.182752 0.983159 0.000000 -0.008491 0.999964 0.000000 -0.008491 0.999964 0.000000 0.008491 0.999964 0.000000 0.008491 0.999964 0.000000 0.182757 0.983158 0.000000 0.182757 0.983158 0.000000 0.693949 0.720024 0.000000 0.693949 0.720024 0.000000 0.835231 0.549900 0.000000 0.835231 0.549900 0.000000 0.934519 0.355912 0.000000 0.934519 0.355912 0.000000 0.934520 -0.355911 0.000000 0.934520 -0.355911 0.000000 0.835234 -0.549895 0.000000 0.835234 -0.549895 0.000000 0.693956 -0.720018 0.000000 0.693956 -0.720018 0.000000 0.182748 -0.983160 0.000000 0.182748 -0.983160 0.000000 0.008491 -0.999964 0.000000 0.008491 -0.999964 0.000000 -0.008491 -0.999964 0.000000 -0.008491 -0.999964 0.000000 -0.182742 -0.983161 0.000000 -0.182742 -0.983161 0.000000 -0.693964 -0.720010 0.000000 -0.693964 -0.720010 -1.000000 0.000000 0.000000 -1.000000 0.000000 0.000000 -1.000000 0.000000 0.000000 -1.000000 0.000000 0.000000 -1.000000 0.000000 0.000000 -1.000000 0.000000 0.000000 -1.000000 0.000000 0.000000 -1.000000 0.000000 0.000000 -1.000000 0.000000 0.000000 -1.000000 0.000000 0.000000 0.025848 0.999666 0.000000 -0.025848 0.999666 0.000000 -0.025848 0.999666 0.000000 0.025848 0.999666 0.000000 0.025848 -0.999666 0.000000 -0.025848 -0.999666 0.000000 -0.025848 -0.999666 0.000000 0.025848 -0.999666 0.000000 -1.000000 0.000000 0.000000 -1.000000 0.000000 0.000000 
						-0.965939 0.258771 0.000000 -0.965939 0.258771 0.000000 -0.707107 0.707106 0.000000 -0.707107 0.707106 0.000000 -0.500000 0.866025 0.000000 -0.500000 0.866025 0.000000 0.500000 0.866025 0.000000 0.500000 0.866025 0.000000 0.707107 0.707107 0.000000 0.707107 0.707107 0.000000 0.965939 0.258771 0.000000 0.965939 0.258771 0.000000 1.000000 0.000000 0.000000 1.000000 0.000000 0.000000 -0.500000 -0.866025 0.000000 -0.500000 -0.866025 0.000000 -0.707107 -0.707106 0.000000 -0.707107 -0.707106 0.000000 -0.965939 -0.258771 0.000000 -0.965939 -0.258771 0.000000 0.965939 -0.258771 0.000000 0.965939 -0.258771 0.000000 0.707107 -0.707107 0.000000 0.707107 -0.707107 0.000000 0.500000 -0.866025 0.000000 0.500000 -0.866025 0.000000 0.000000 0.000000 -1.000000 0.000000 0.000000 -1.000000 0.000000 0.000000 -1.000000 0.000000 0.000000 -1.000000 0.000000 0.000000 -1.000000 0.000000 0.000000 -1.000000 0.000000 0.000000 -1.000000 0.000000 0.000000 -1.000000 0.000000 0.000000 -1.000000 0.000000 0.000000 -1.000000 0.000000 0.000000 -1.000000 0.000000 0.000000 -1.000000 0.000000 0.000000 -1.000000 0.000000 0.000000 -1.000000 0.050207 0.951383 0.303892 -0.050207 0.951383 0.303892 -0.050160 0.951385 0.303891 0.050160 0.951385 0.303891 0.027443 0.543060 0.839245 -0.027444 0.543061 0.839245 -0.000505 0.009992 0.999950 0.000505 0.009992 0.999950 0.000505 -0.009992 0.999950 -0.000505 -0.009992 0.999950 -0.027443 -0.543046 0.839254 0.027442 -0.543046 0.839255 0.050160 -0.951383 0.303898 -0.050160 -0.951383 0.303897 -0.050207 -0.951380 0.303899 0.050207 -0.951380 0.303900 -0.009992 -0.000505 0.999950 -0.009992 0.000505 0.999950 -0.543053 0.027443 0.839250 -0.543053 -0.027443 0.839250 -0.951384 -0.050160 0.303897 -0.951384 0.050161 0.303897 -0.951381 0.050206 0.303898 -0.951381 -0.050207 0.303898 
						0.951382 -0.050207 0.303895 0.951382 0.050206 0.303893 0.951385 0.050161 0.303892 0.951385 -0.050160 0.303893 0.543054 -0.027443 0.839249 0.543054 0.027443 0.839249 0.009992 0.000505 0.999950 0.009992 -0.000505 0.999950 0.002167 -0.003785 0.999991 0.003785 -0.002167 0.999991 0.003785 0.002167 0.999991 0.002167 0.003785 0.999991 -0.002167 0.003785 0.999991 -0.003785 0.002167 0.999991 -0.003785 -0.002167 0.999991 -0.002167 -0.003785 0.999991 0.473973 0.823110 0.312793 0.473845 0.823184 0.312793 0.265918 0.464296 0.844818 -0.473969 -0.823108 0.312805 -0.473845 -0.823179 0.312805 -0.265917 -0.464298 0.844817 -0.823111 0.473971 0.312794 -0.823184 0.473843 0.312794 -0.464297 0.265917 0.844818 0.823108 -0.473971 0.312803 0.823181 -0.473843 0.312803 0.464299 -0.265918 0.844816 -0.473974 0.823110 0.312791 -0.473846 0.823184 0.312791 -0.265919 0.464297 0.844817 0.823110 0.473971 0.312795 0.823184 0.473843 0.312794 0.464297 0.265917 0.844817 -0.823108 -0.473970 0.312804 -0.823181 -0.473842 0.312804 -0.464300 -0.265918 0.844816 0.473969 -0.823107 0.312807 0.473844 -0.823179 0.312807 0.265916 -0.464296 0.844819 0.951057 0.309014 0.000000 0.951057 0.309014 0.000000 0.809016 0.587787 0.000000 0.809016 0.587787 0.000000 0.587783 0.809018 0.000000 0.587783 0.809018 0.000000 0.309022 0.951055 0.000000 0.309022 0.951055 0.000000 0.000000 1.000000 0.000000 0.000000 1.000000 0.000000 -0.309022 0.951055 0.000000 -0.309022 0.951055 0.000000 -0.587784 0.809018 0.000000 -0.587784 0.809018 0.000000 -0.809016 0.587787 0.000000 -0.809016 0.587787 0.000000 -0.951057 0.309015 0.000000 -0.951057 0.309015 0.000000 -1.000000 0.000000 0.000000 -1.000000 0.000000 0.000000 -0.951056 -0.309018 0.000000 -0.951056 -0.309018 0.000000 -0.809019 -0.587782 0.000000 -0.809019 -0.587782 0.000000 
						-0.587786 -0.809017 0.000000 -0.587786 -0.809017 0.000000 -0.309014 -0.951057 0.000000 -0.309014 -0.951057 0.000000 0.000000 -1.000000 0.000000 0.000000 -1.000000 0.000000 0.309014 -0.951057 0.000000 0.309014 -0.951057 0.000000 0.587786 -0.809016 0.000000 0.587786 -0.809016 0.000000 0.809019 -0.587782 0.000000 0.809019 -0.587782 0.000000 0.951056 -0.309018 0.000000 0.951056 -0.309018 0.000000 1.000000 -0.000001 0.000000 1.000000 -0.000001 0.000000 0.951057 0.309014 0.000000 0.951057 0.309014 0.000000 0.000000 0.000000 1.000000 0.000000 0.000000 1.000000 0.000000 0.000000 1.000000 0.000000 0.000000 1.000000 0.000000 0.000000 1.000000 0.000000 0.000000 1.000000 0.000000 0.000000 1.000000 0.000000 0.000000 1.000000 0.000000 0.000000 1.000000 0.000000 0.000000 1.000000 0.000000 0.000000 1.000000 0.000000 0.000000 1.000000 0.000000 0.000000 1.000000 0.000000 0.000000 1.000000 0.000000 0.000000 1.000000 0.000000 0.000000 1.000000 0.000000 0.000000 1.000000 0.000000 0.000000 1.000000 0.000000 0.000000 1.000000 0.000000 0.000000 1.000000 0.000000 0.000000 1.000000 0.000000 0.000000 1.000000 0.000000 0.000000 1.000000 0.000000 0.000000 1.000000 0.000000 0.000000 1.000000 0.000000 0.000000 1.000000 0.000000 0.000000 1.000000 0.000000 0.000000 1.000000 0.000000 0.000000 1.000000 0.000000 0.000000 1.000000 0.000000 0.000000 1.000000 0.000000 0.000000 1.000000 0.000000 0.000000 1.000000 0.000000 0.000000 1.000000 0.000000 0.000000 1.000000 0.000000 0.000000 1.000000 0.000000 0.000000 1.000000 0.000000 0.000000 1.000000 0.000000 0.000000 1.000000 0.000000 0.000000 1.000000 0.000000 0.000000 1.000000 0.951057 0.309016 0.000000 0.951057 0.309016 0.000000 0.809017 0.587785 0.000000 0.809017 0.587785 0.000000 0.587785 0.809017 0.000000 
						0.587785 0.809017 0.000000 0.309017 0.951057 0.000000 0.309017 0.951057 0.000000 0.000000 1.000000 0.000000 0.000000 1.000000 0.000000 -0.309017 0.951057 0.000000 -0.309017 0.951057 0.000000 -0.587785 0.809017 0.000000 -0.587785 0.809017 0.000000 -0.809017 0.587785 0.000000 -0.809017 0.587785 0.000000 -0.951057 0.309017 0.000000 -0.951057 0.309017 0.000000 -1.000000 0.000000 0.000000 -1.000000 0.000000 0.000000 -0.951057 -0.309017 0.000000 -0.951057 -0.309017 0.000000 -0.809017 -0.587785 0.000000 -0.809017 -0.587785 0.000000 -0.587785 -0.809017 0.000000 -0.587785 -0.809017 0.000000 -0.309017 -0.951057 0.000000 -0.309017 -0.951057 0.000000 0.000000 -1.000000 0.000000 0.000000 -1.000000 0.000000 0.309017 -0.951057 0.000000 0.309017 -0.951057 0.000000 0.587785 -0.809017 0.000000 0.587785 -0.809017 0.000000 0.809017 -0.587785 0.000000 0.809017 -0.587785 0.000000 0.951057 -0.309017 0.000000 0.951057 -0.309017 0.000000 1.000000 -0.000001 0.000000 1.000000 -0.000001 0.000000 0.951057 0.309016 0.000000 0.951057 0.309016 0.000000 0.000000 0.000000 1.000000 0.000000 0.000000 1.000000 0.000000 0.000000 1.000000 0.000000 0.000000 1.000000 0.000000 0.000000 1.000000 0.000000 0.000000 1.000000 0.000000 0.000000 1.000000 0.000000 0.000000 1.000000 0.000000 0.000000 1.000000 0.000000 0.000000 1.000000 0.000000 0.000000 1.000000 0.000000 0.000000 1.000000 0.000000 0.000000 1.000000 0.000000 0.000000 1.000000 0.000000 0.000000 1.000000 0.000000 0.000000 1.000000 0.000000 0.000000 1.000000 0.000000 0.000000 1.000000 0.000000 0.000000 1.000000 0.000000 0.000000 1.000000 0.000000 0.000000 1.000000 0.000000 0.000000 1.000000 0.000000 0.000000 1.000000 0.000000 0.000000 1.000000 0.000000 0.000000 1.000000 0.000000 0.000000 1.000000 0.000000 0.000000 1.000000 
						0.000000 0.000000 1.000000 0.000000 0.000000 1.000000 0.000000 0.000000 1.000000 0.000000 0.000000 1.000000 0.000000 0.000000 1.000000 0.000000 0.000000 1.000000 0.000000 0.000000 1.000000 0.000000 0.000000 1.000000 0.000000 0.000000 1.000000 0.000000 0.000000 1.000000 0.000000 0.000000 1.000000 0.000000 0.000000 1.000000 0.000000 0.000000 1.000000 0.000000 0.000000 1.000000 0.951057 0.309016 0.000000 0.951057 0.309016 0.000000 0.809017 0.587785 0.000000 0.809017 0.587785 0.000000 0.587786 0.809017 0.000000 0.587786 0.809017 0.000000 0.309017 0.951057 0.000000 0.309017 0.951057 0.000000 -0.000002 1.000000 0.000000 -0.000002 1.000000 0.000000 -0.309017 0.951057 0.000000 -0.309017 0.951057 0.000000 -0.587785 0.809017 0.000000 -0.587785 0.809017 0.000000 -0.809017 0.587785 0.000000 -0.809017 0.587785 0.000000 -0.951057 0.309017 0.000000 -0.951057 0.309017 0.000000 -1.000000 0.000000 0.000000 -1.000000 0.000000 0.000000 -0.951057 -0.309017 0.000000 -0.951057 -0.309017 0.000000 -0.809017 -0.587785 0.000000 -0.809017 -0.587785 0.000000 -0.587785 -0.809017 0.000000 -0.587785 -0.809017 0.000000 -0.309017 -0.951057 0.000000 -0.309017 -0.951057 0.000000 0.000000 -1.000000 0.000000 0.000000 -1.000000 0.000000 0.309017 -0.951057 0.000000 0.309017 -0.951057 0.000000 0.587785 -0.809017 0.000000 0.587785 -0.809017 0.000000 0.809017 -0.587785 0.000000 0.809017 -0.587785 0.000000 0.951057 -0.309017 0.000000 0.951057 -0.309017 0.000000 1.000000 -0.000001 0.000000 1.000000 -0.000001 0.000000 0.951057 0.309016 0.000000 0.951057 0.309016 0.000000 0.000000 0.000000 1.000000 0.000000 0.000000 1.000000 0.000000 0.000000 1.000000 0.000000 0.000000 1.000000 0.000000 0.000000 1.000000 0.000000 0.000000 1.000000 0.000000 0.000000 1.000000 0.000000 0.000000 1.000000 
						0.000000 0.000000 1.000000 0.000000 0.000000 1.000000 0.000000 0.000000 1.000000 0.000000 0.000000 1.000000 0.000000 0.000000 1.000000 0.000000 0.000000 1.000000 0.000000 0.000000 1.000000 0.000000 0.000000 1.000000 0.000000 0.000000 1.000000 0.000000 0.000000 1.000000 0.000000 0.000000 1.000000 0.000000 0.000000 1.000000 0.000000 0.000000 1.000000 0.000000 0.000000 1.000000 0.000000 0.000000 1.000000 0.000000 0.000000 1.000000 0.000000 0.000000 1.000000 0.000000 0.000000 1.000000 0.000000 0.000000 1.000000 0.000000 0.000000 1.000000 0.000000 0.000000 1.000000 0.000000 0.000000 1.000000 0.000000 0.000000 1.000000 0.000000 0.000000 1.000000 0.000000 0.000000 1.000000 0.000000 0.000000 1.000000 0.000000 0.000000 1.000000 0.000000 0.000000 1.000000 0.000000 0.000000 1.000000 0.000000 0.000000 1.000000 0.000000 0.000000 1.000000 0.000000 0.000000 1.000000 0.000000 0.000000 1.000000 0.587787 0.809016 0.000000 0.587787 0.809016 0.000000 0.587787 0.809016 0.000000 0.587787 0.809016 0.000000 0.000000 1.000000 0.000000 0.000000 1.000000 0.000000 0.000000 1.000000 0.000000 0.000000 1.000000 0.000000 -0.587787 0.809016 0.000000 -0.587787 0.809016 0.000000 -0.587787 0.809016 0.000000 -0.587787 0.809016 0.000000 -0.951057 0.309017 0.000000 -0.951057 0.309017 0.000000 -0.951057 0.309017 0.000000 -0.951057 0.309017 0.000000 -0.951057 -0.309017 0.000000 -0.951057 -0.309017 0.000000 -0.951057 -0.309017 0.000000 -0.951057 -0.309017 0.000000 -0.587787 -0.809016 0.000000 -0.587787 -0.809016 0.000000 -0.587787 -0.809016 0.000000 -0.587787 -0.809016 0.000000 0.000000 -1.000000 0.000000 0.000000 -1.000000 0.000000 0.000000 -1.000000 0.000000 0.000000 -1.000000 0.000000 0.587787 -0.809016 0.000000 0.587787 -0.809016 0.000000 0.587787 -0.809016 0.000000 
						0.587787 -0.809016 0.000000 0.951057 -0.309017 0.000000 0.951057 -0.309017 0.000000 0.951057 -0.309017 0.000000 0.951057 -0.309017 0.000000 0.951057 0.309017 0.000000 0.951057 0.309017 0.000000 0.951057 0.309017 0.000000 0.951057 0.309017 0.000000 0.000000 0.000000 1.000000 0.000000 0.000000 1.000000 0.000000 0.000000 1.000000 0.000000 0.000000 1.000000 0.000000 0.000000 1.000000 0.000000 0.000000 1.000000 0.000000 0.000000 1.000000 0.000000 0.000000 1.000000 0.000000 0.000000 1.000000 0.000000 0.000000 1.000000 0.000000 0.000000 1.000000 0.587787 0.809016 0.000000 0.587787 0.809016 0.000000 0.587787 0.809016 0.000000 0.587787 0.809016 0.000000 0.000000 1.000000 0.000000 0.000000 1.000000 0.000000 0.000000 1.000000 0.000000 0.000000 1.000000 0.000000 -0.587787 0.809016 0.000000 -0.587787 0.809016 0.000000 -0.587787 0.809016 0.000000 -0.587787 0.809016 0.000000 -0.951057 0.309017 0.000000 -0.951057 0.309017 0.000000 -0.951057 0.309017 0.000000 -0.951057 0.309017 0.000000 -0.951057 -0.309017 0.000000 -0.951057 -0.309017 0.000000 -0.951057 -0.309017 0.000000 -0.951057 -0.309017 0.000000 -0.587787 -0.809016 0.000000 -0.587787 -0.809016 0.000000 -0.587787 -0.809016 0.000000 -0.587787 -0.809016 0.000000 0.000000 -1.000000 0.000000 0.000000 -1.000000 0.000000 0.000000 -1.000000 0.000000 0.000000 -1.000000 0.000000 0.587787 -0.809016 0.000000 0.587787 -0.809016 0.000000 0.587787 -0.809016 0.000000 0.587787 -0.809016 0.000000 0.951057 -0.309017 0.000000 0.951057 -0.309017 0.000000 0.951057 -0.309017 0.000000 0.951057 -0.309017 0.000000 0.951057 0.309017 0.000000 0.951057 0.309017 0.000000 0.951057 0.309017 0.000000 0.951057 0.309017 0.000000 0.000000 0.000000 1.000000 0.000000 0.000000 1.000000 0.000000 0.000000 1.000000 0.000000 0.000000 1.000000 
						0.000000 0.000000 1.000000 0.000000 0.000000 1.000000 0.000000 0.000000 1.000000 0.000000 0.000000 1.000000 0.000000 0.000000 1.000000 0.000000 0.000000 1.000000 0.000000 0.000000 1.000000 0.000000 0.014295 0.999898 0.000000 -0.014295 0.999898 0.000000 -0.014295 0.999898 0.000000 0.014295 0.999898 0.000000 -0.014294 -0.999898 0.000000 0.014294 -0.999898 0.000000 0.014294 -0.999898 0.000000 -0.014294 -0.999898 -0.000064 -0.500808 0.865558 -0.000064 -0.500808 0.865558 -0.000064 -0.866087 0.499893 -0.000064 -0.866008 0.500030 0.000000 -1.000000 -0.000339 0.000000 -1.000000 -0.000339 0.000000 1.000000 0.000000 0.000000 1.000000 0.000000 0.000000 0.866048 0.499962 0.000000 0.866048 0.499962 0.000000 0.500002 0.866024 0.000000 0.500002 0.866024 0.000000 0.500002 -0.866024 0.000000 0.500002 -0.866024 0.000000 0.866049 -0.499959 0.000000 0.866049 -0.499959 0.000000 1.000000 0.000000 0.000000 1.000000 0.000000 0.000000 -0.866049 -0.499959 0.000000 -0.866049 -0.499959 0.000000 -0.500002 -0.866024 0.000000 -0.500002 -0.866024 1.000000 0.000000 0.000000 1.000000 0.000000 0.000000 1.000000 0.000000 0.000000 1.000000 0.000000 0.000000 1.000000 -0.000002 0.000000 1.000000 0.000002 0.000000 1.000000 0.000002 0.000000 1.000000 -0.000002 0.000000 1.000000 0.000000 0.000000 1.000000 0.000000 0.000000 1.000000 0.000000 0.000000 1.000000 0.000000 0.000000 1.000000 0.000000 0.000000 1.000000 0.000000 0.000000 0.000000 0.014295 0.999898 0.000000 -0.014295 0.999898 0.000000 -0.014295 0.999898 0.000000 0.014295 0.999898 0.000000 -0.014294 -0.999898 0.000000 0.014294 -0.999898 0.000000 0.014294 -0.999898 0.000000 -0.014294 -0.999898 -0.000064 -0.500808 0.865558 -0.000064 -0.500808 0.865558 -0.000064 -0.866087 0.499893 -0.000064 -0.866008 0.500030 0.000000 -1.000000 -0.000339 
						0.000000 -1.000000 -0.000339 0.000000 1.000000 0.000000 0.000000 1.000000 0.000000 0.000000 0.866048 0.499962 0.000000 0.866048 0.499962 0.000000 0.500002 0.866024 0.000000 0.500002 0.866024 0.000000 0.500002 -0.866024 0.000000 0.500002 -0.866024 0.000000 0.866049 -0.499959 0.000000 0.866049 -0.499959 0.000000 1.000000 0.000000 0.000000 1.000000 0.000000 0.000000 -0.866049 -0.499959 0.000000 -0.866049 -0.499959 0.000000 -0.500002 -0.866024 0.000000 -0.500002 -0.866024 1.000000 0.000000 0.000000 1.000000 0.000000 0.000000 1.000000 0.000000 0.000000 1.000000 0.000000 0.000000 1.000000 -0.000002 0.000000 1.000000 0.000002 0.000000 1.000000 0.000002 0.000000 1.000000 -0.000002 0.000000 1.000000 0.000000 0.000000 1.000000 0.000000 0.000000 1.000000 0.000000 0.000000 1.000000 0.000000 0.000000 1.000000 0.000000 0.000000 1.000000 0.000000 0.000000 0.000000 0.000000 -1.000000 0.000000 0.000000 -1.000000 0.000000 0.000000 -1.000000 0.000000 0.000000 -1.000000 0.000000 0.000000 -1.000000 0.000000 0.000000 -1.000000 0.000000 0.000000 -1.000000 0.000000 0.000000 -1.000000 0.000000 0.000000 -1.000000 0.000000 0.000000 -1.000000 0.000000 0.000000 -1.000000 0.000000 0.000000 -1.000000 0.000000 0.000000 -1.000000 0.000000 0.000000 -1.000000 0.000000 0.000000 -1.000000 0.000000 0.000000 -1.000000 0.000000 0.000002 -1.000000 0.000000 0.000002 -1.000000 0.000000 -0.000002 -1.000000 0.000000 -0.000002 -1.000000 0.000000 0.000000 -1.000000 0.000000 0.000000 -1.000000 0.000000 0.000000 -1.000000 0.000000 0.000000 -1.000000 0.000000 0.000000 -1.000000 0.000000 0.000000 -1.000000 0.000000 0.000000 -1.000000 0.000000 0.000000 -1.000000 0.000000 0.000000 -1.000000 0.000000 0.000000 -1.000000 0.000000 0.000001 -1.000000 0.000000 0.000001 -1.000000 0.000000 0.000005 -1.000000 
						0.000000 0.000005 -1.000000 0.000000 -0.000007 -1.000000 0.000000 -0.000007 -1.000000 0.000000 0.000013 -1.000000 0.000000 0.000013 -1.000000 0.000000 -0.000039 -1.000000 0.000000 -0.000039 -1.000000 0.000000 -0.000001 -1.000000 0.000000 -0.000001 -1.000000 0.000000 -0.000004 -1.000000 0.000000 -0.000004 -1.000000 0.000000 0.000003 -1.000000 0.000000 0.000003 -1.000000 0.000000 -0.000005 -1.000000 0.000000 -0.000005 -1.000000 0.000000 0.000009 -1.000000 0.000000 0.000009 -1.000000 0.000000 -0.000013 -1.000000 0.000000 -0.000013 -1.000000 -0.024646 0.000000 -0.999696 -0.000037 0.000000 -1.000000 0.000019 0.000000 -1.000000 0.024663 0.000000 -0.999696 0.000000 -1.000000 0.000000 0.000000 -1.000000 0.000000 0.000000 -1.000000 0.000000 0.000000 -1.000000 0.000000 -0.024681 -0.000001 0.999695 -0.024681 -0.000001 0.999695 -0.223198 0.000000 0.974773 -0.223198 0.000000 0.974773 -0.223199 -0.000003 -0.974773 0.000000 -1.000000 0.000000 0.000000 -1.000000 0.000001 -0.007920 -0.999969 0.000000 0.000000 -1.000000 0.000015 0.007952 -0.999968 0.000000 0.000000 -1.000000 0.000000 0.000000 0.000052 1.000000 0.000000 -0.000026 1.000000 0.000000 -0.000026 1.000000 0.000000 0.000052 1.000000 -0.711749 0.000003 -0.702433 -0.711767 0.000003 -0.702415 -0.734000 0.000000 -0.679150 0.000000 -0.000001 1.000000 0.000000 -0.000001 1.000000 0.000000 0.000000 1.000000 0.000000 0.000000 1.000000 -0.711767 0.000000 0.702415 -0.711767 0.000000 0.702415 -0.711767 0.000000 0.702415 -0.711767 0.000000 0.702415 0.000000 -1.000000 0.000000 0.000000 -1.000000 0.000000 0.000000 -1.000000 0.000000 0.000000 0.000000 1.000000 0.000000 0.000000 1.000000 -0.950766 0.000000 0.309909 -0.950766 0.000000 0.309909 -1.000000 0.000000 0.000000 -1.000000 0.000000 0.000000 0.000000 0.000000 1.000000 0.000000 0.000000 1.000000 
						0.007895 -0.999969 0.000000 0.000000 -1.000000 0.000007 0.000000 -1.000000 0.000001 -1.000000 0.000000 0.000000 -1.000000 0.000000 0.000000 -0.950767 0.000000 -0.309908 -0.950767 0.000000 -0.309908 -0.223224 -0.000003 -0.974767 -0.223224 -0.000003 -0.974767 0.000000 -1.000000 0.000000 0.000000 -1.000000 0.000000 0.000000 -1.000000 0.000000 -0.711749 0.000003 -0.702434 -0.711749 0.000003 -0.702434 0.000000 -1.000000 0.000000 0.000000 0.000000 1.000000 0.000000 0.000000 1.000000 0.000000 0.000000 1.000000 0.000000 0.000000 1.000000 0.000000 -1.000000 0.000001 0.000000 -1.000000 -0.000005 0.000000 0.000000 1.000000 0.000000 0.000000 1.000000 0.000000 0.000000 1.000000 0.000000 0.000000 1.000000 0.000000 -1.000000 -0.000010 0.000000 0.000000 1.000000 0.000000 0.000000 1.000000 0.000000 0.000000 1.000000 0.000000 0.000000 1.000000 0.000000 0.000000 1.000000 0.000000 0.000000 1.000000 0.000000 -0.000002 -1.000000 0.000000 -0.000002 -1.000000 0.000000 -0.000002 -1.000000 0.000000 -0.000002 -1.000000 0.000000 -0.000002 -1.000000 0.000000 -0.000002 -1.000000 0.130525 -0.991445 0.000000 0.130525 -0.991445 0.000000 0.000001 -0.000002 -1.000000 0.000001 -0.000002 -1.000000 0.000001 -0.000002 -1.000000 0.000001 -0.000002 -1.000000 0.258820 -0.965926 0.000000 0.258820 -0.965926 0.000000 0.000001 -0.000002 -1.000000 0.000001 -0.000002 -1.000000 0.382684 -0.923879 0.000000 0.382684 -0.923879 0.000000 0.000001 -0.000001 -1.000000 0.000001 -0.000001 -1.000000 0.000001 -0.000001 -1.000000 0.000001 -0.000001 -1.000000 0.500000 -0.866025 0.000000 0.500000 -0.866025 0.000000 0.000001 -0.000001 -1.000000 0.000001 -0.000001 -1.000000 0.608762 -0.793353 0.000000 0.608763 -0.793353 0.000000 0.000002 -0.000001 -1.000000 0.000002 -0.000001 -1.000000 0.000002 -0.000001 -1.000000 0.000002 -0.000001 -1.000000 
						-0.000001 0.000000 -1.000000 -0.000001 0.000000 -1.000000 -0.000001 0.000000 -1.000000 -0.000001 0.000000 -1.000000 0.707107 -0.707107 0.000000 0.707107 -0.707107 0.000000 0.000001 -0.000001 -1.000000 0.000001 -0.000001 -1.000000 0.000001 -0.000001 -1.000000 0.000001 -0.000001 -1.000000 0.793353 -0.608761 0.000000 0.793353 -0.608761 0.000000 0.707107 -0.707107 0.000000 0.707107 -0.707107 0.000000 -1.000000 0.000726 0.000000 -1.000000 -0.000726 0.000000 -1.000000 -0.000726 0.000000 -1.000000 0.000726 0.000000 0.000002 -0.000001 -1.000000 0.000002 -0.000001 -1.000000 0.000002 -0.000001 -1.000000 0.000002 -0.000001 -1.000000 0.866025 -0.500001 0.000000 0.866025 -0.500001 0.000000 0.000002 -0.000001 -1.000000 0.000002 -0.000001 -1.000000 0.923879 -0.382685 0.000000 0.923879 -0.382685 0.000000 0.000002 0.000000 -1.000000 0.000002 0.000000 -1.000000 0.000002 0.000000 -1.000000 0.000002 0.000000 -1.000000 0.965925 -0.258822 0.000000 0.965925 -0.258822 0.000000 0.000002 0.000000 -1.000000 0.000002 0.000000 -1.000000 0.991445 -0.130526 0.000000 0.991445 -0.130526 0.000000 0.999995 -0.003297 0.000000 0.999995 -0.003313 0.000000 1.000000 -0.000001 0.000002 1.000000 -0.000001 0.000000 1.000000 0.000000 0.000000 1.000000 0.000000 0.000000 0.999931 0.011714 -0.000001 1.000000 0.000000 0.000000 1.000000 -0.000070 -0.000417 1.000000 -0.000028 -0.000060 0.999951 0.009866 0.000001 1.000000 -0.000092 0.000379 1.000000 0.000001 0.000000 1.000000 0.000001 0.000000 1.000000 0.000000 0.000000 1.000000 0.000000 0.000000 1.000000 0.000000 0.000000 1.000000 0.000000 0.000000 0.000000 0.000000 1.000000 0.000000 0.000000 1.000000 1.000000 0.000000 0.000000 1.000000 0.000000 0.000000 1.000000 0.000000 0.000000 1.000000 0.000000 0.000000 1.000000 0.000000 0.000000 1.000000 0.000000 0.000000 
						0.000000 0.699067 0.715056 0.000000 0.699067 0.715056 0.000000 0.493604 0.869687 0.000000 0.493604 0.869687 0.000000 0.964530 0.263974 0.000000 0.964530 0.263974 0.000000 0.964530 0.263974 0.000000 0.964530 0.263974 0.000026 0.009413 0.999956 0.000026 0.009413 0.999956 0.000000 0.861161 -0.508332 0.000000 0.861161 -0.508332 0.000000 0.964657 -0.263508 0.000000 0.964657 -0.263508 -0.000035 0.009413 -0.999956 -0.000035 0.009413 -0.999956 0.000000 0.494892 -0.868955 0.000000 0.494892 -0.868955 0.000002 0.000005 -1.000000 0.000002 0.000005 -1.000000 0.000002 0.000005 -1.000000 0.000002 0.000005 -1.000000 -0.000005 -0.000004 -1.000000 -0.000005 -0.000004 -1.000000 -0.000005 -0.000004 -1.000000 -0.000005 -0.000004 -1.000000 -0.991445 0.130528 0.000000 -0.991445 0.130528 0.000000 0.000002 0.000002 -1.000000 0.000002 0.000002 -1.000000 0.000002 0.000002 -1.000000 0.000002 0.000002 -1.000000 -0.965925 0.258823 0.000000 -0.965925 0.258823 0.000000 0.000028 -0.009413 0.999956 0.000028 -0.009413 0.999956 0.000002 0.000002 -1.000000 0.000002 0.000002 -1.000000 -0.923878 0.382686 0.000000 -0.923878 0.382686 0.000000 -0.000001 -0.000002 -1.000000 -0.000001 -0.000002 -1.000000 -0.000001 -0.000002 -1.000000 -0.000001 -0.000002 -1.000000 0.000001 0.000000 -1.000000 0.000001 0.000000 -1.000000 0.000001 0.000000 -1.000000 0.000001 0.000000 -1.000000 -0.866029 0.499994 0.000000 -0.866029 0.499994 0.000000 0.000003 -0.000002 -1.000000 0.000003 -0.000002 -1.000000 0.000003 -0.000002 -1.000000 0.000003 -0.000002 -1.000000 -0.793355 0.608759 0.000000 -0.793355 0.608760 0.000000 0.000003 -0.000003 -1.000000 0.000003 -0.000003 -1.000000 0.000003 -0.000003 -1.000000 0.000003 -0.000003 -1.000000 0.000019 -0.493612 0.869682 0.000019 -0.493612 0.869682 0.000019 -0.493612 0.869682 0.000019 -0.493612 0.869682 
						0.000000 -0.699075 0.715049 0.000000 -0.699075 0.715049 -0.707105 0.707109 -0.000001 -0.707105 0.707109 -0.000001 0.000002 0.000001 -1.000000 0.000002 0.000001 -1.000000 0.000002 0.000001 -1.000000 0.000002 0.000001 -1.000000 -0.000052 -0.366209 -0.930533 -0.000066 -0.305307 -0.952254 -0.000037 -0.009414 -0.999956 -0.000037 -0.009413 -0.999956 -0.003652 -0.964735 -0.263197 -0.003652 -0.964735 -0.263197 -0.003652 -0.964735 -0.263197 -0.003652 -0.964735 -0.263197 -0.608762 0.793353 -0.000001 -0.608762 0.793353 -0.000001 -0.000001 0.000002 -1.000000 -0.000001 0.000002 -1.000000 -0.000001 0.000002 -1.000000 -0.000001 0.000002 -1.000000 -0.500000 0.866026 0.000000 -0.500000 0.866026 0.000000 -0.000002 -0.000003 -1.000000 -0.000002 -0.000003 -1.000000 -0.000002 -0.000003 -1.000000 -0.000002 -0.000003 -1.000000 -0.382692 0.923876 0.000000 -0.382691 0.923876 0.000000 0.000001 -0.000004 -1.000000 0.000001 -0.000004 -1.000000 0.000001 -0.000004 -1.000000 0.000001 -0.000004 -1.000000 -0.258821 0.965925 0.000000 -0.258821 0.965925 0.000000 0.000001 -0.000004 -1.000000 0.000001 -0.000004 -1.000000 -0.130521 0.991446 0.000000 -0.130521 0.991446 0.000000 -0.001783 0.999998 0.000000 -0.001783 0.999998 0.000000 1.000000 0.000000 0.000000 1.000000 0.000000 0.000000 1.000000 0.000000 0.000000 1.000000 0.000000 0.000000 0.000000 0.000000 1.000000 0.000000 0.000000 1.000000 0.000000 0.000000 1.000000 0.000000 0.000000 1.000000 0.000000 0.000000 1.000000 0.000000 0.000000 1.000000 0.000000 -0.000001 -1.000000 0.000000 -0.000001 -1.000000 0.000000 -0.000001 -1.000000 0.000000 -0.000001 -1.000000 0.000000 0.000000 1.000000 0.000000 0.000000 1.000000 0.000000 0.000000 1.000000 0.000000 0.000000 1.000000 0.000000 0.000000 1.000000 0.000000 0.000000 1.000000 0.001783 0.999998 0.000000 0.001783 0.999998 0.000000 
						0.000000 0.000000 1.000000 0.000000 0.000000 1.000000 0.000000 0.000000 1.000000 0.000000 0.000000 1.000000 0.000000 0.000000 1.000000 0.000000 0.000000 1.000000 0.000000 0.000000 1.000000 0.000000 0.000000 1.000000 0.000000 0.000000 1.000000 0.000000 0.000000 1.000000 0.000000 0.000000 1.000000 0.000000 0.000000 1.000000 1.000000 0.000000 0.000000 1.000000 0.000000 0.000000 0.000012 0.987568 0.157191 0.000012 0.987568 0.157191 0.000012 0.987568 0.157191 0.000012 0.987568 0.157191 0.000009 -0.859695 -0.510808 0.000009 -0.859695 -0.510808 0.000009 -0.859695 -0.510808 0.000009 -0.859695 -0.510808 0.000000 -0.411098 -0.911591 0.000000 -0.411098 -0.911591 0.000000 -0.411098 -0.911591 0.000000 -0.411098 -0.911591 0.000000 -0.934130 0.356932 -0.000011 -0.934128 0.356938 -0.000011 -0.934128 0.356938 0.000000 -0.934130 0.356932 0.000002 0.987565 -0.157212 0.000002 0.987565 -0.157212 0.000002 0.987565 -0.157212 0.000002 0.987565 -0.157212 0.000000 -0.567070 0.823670 0.000000 -0.567069 0.823670 0.000000 -0.567069 0.823670 0.000000 -0.567070 0.823670 1.000000 0.000000 0.000000 1.000000 0.000000 0.000000 1.000000 0.000000 0.000000 0.000091 0.860784 -0.508971 0.000091 0.860784 -0.508971 0.000091 0.860784 -0.508971 0.000091 0.860784 -0.508971 0.000000 0.411092 -0.911594 0.000000 0.411092 -0.911594 0.000000 0.411092 -0.911594 0.000000 0.411092 -0.911594 0.000000 0.000000 -1.000000 0.000000 0.000000 -1.000000 0.000000 0.000000 -1.000000 0.000000 0.000000 -1.000000 0.000000 0.000000 1.000000 0.000000 0.000000 1.000000 0.000000 0.000000 1.000000 0.000000 0.000000 1.000000 1.000000 0.000000 0.000000 0.000000 0.000000 -1.000000 0.000000 0.000000 -1.000000 0.000000 0.000000 -1.000000 0.000000 0.000000 -1.000000 0.000000 0.411098 -0.911591 0.000000 0.411098 -0.911591 
						0.000000 0.411098 -0.911591 0.000000 0.411098 -0.911591 1.000000 0.000000 0.000000 1.000000 0.000000 0.000000 0.000000 0.859695 -0.510808 0.000000 0.859695 -0.510808 0.000000 0.859695 -0.510808 0.000000 0.859695 -0.510808 0.000000 -0.987566 0.157207 0.000000 -0.987566 0.157207 0.000000 -0.987566 0.157207 0.000000 -0.987566 0.157207 1.000000 0.000001 0.000000 0.000000 0.930470 0.366368 0.000011 0.930473 0.366360 0.000011 0.930473 0.366360 0.000000 0.930470 0.366368 0.000000 0.562884 0.826536 0.000006 0.562895 0.826528 0.000006 0.562895 0.826528 0.000000 0.562884 0.826536 1.000000 0.000002 0.000000 0.000000 -0.987566 -0.157203 0.000000 -0.987566 -0.157203 0.000000 -0.987566 -0.157203 0.000000 -0.987566 -0.157203 0.000000 -0.411101 -0.911590 0.000000 -0.411101 -0.911590 0.000000 -0.411101 -0.911590 0.000000 -0.411101 -0.911590 0.000000 -0.859701 -0.510798 0.000000 -0.859701 -0.510798 0.000000 -0.859701 -0.510798 0.000000 -0.859701 -0.510798 -0.000002 0.000005 -1.000000 -0.000002 0.000005 -1.000000 -0.000002 0.000005 -1.000000 -0.000002 0.000005 -1.000000 0.000005 -0.000002 -1.000000 0.000005 -0.000002 -1.000000 0.000005 -0.000002 -1.000000 0.000005 -0.000002 -1.000000 0.000001 -0.000002 -1.000000 0.000001 -0.000002 -1.000000 0.000001 -0.000002 -1.000000 0.000001 -0.000002 -1.000000 -0.000004 0.000006 -1.000000 -0.000004 0.000006 -1.000000 -0.000004 0.000006 -1.000000 -0.000004 0.000006 -1.000000 0.000002 -0.000002 -1.000000 0.000002 -0.000002 -1.000000 0.000002 -0.000002 -1.000000 0.000002 -0.000002 -1.000000 0.000003 -0.000003 -1.000000 0.000003 -0.000003 -1.000000 0.000003 -0.000003 -1.000000 0.000003 -0.000003 -1.000000 0.000002 0.000001 -1.000000 0.000002 0.000001 -1.000000 0.000002 0.000001 -1.000000 0.000002 0.000001 -1.000000 -0.000003 0.000001 -1.000000 -0.000003 0.000001 -1.000000 
						-0.000003 0.000001 -1.000000 -0.000003 0.000001 -1.000000 0.000000 -0.964522 0.264002 0.000007 -0.964524 0.263994 0.000045 -0.964536 0.263952 0.000053 -0.964538 0.263944 0.991445 0.130526 0.000000 0.991445 0.130526 0.000000 0.130521 0.991446 0.000001 0.130521 0.991446 0.000001 0.000000 0.000001 -1.000000 0.000000 0.000001 -1.000000 0.000000 0.000001 -1.000000 0.000000 0.000001 -1.000000 0.000002 0.000002 -1.000000 0.000002 0.000002 -1.000000 0.000002 0.000002 -1.000000 0.000002 0.000002 -1.000000 0.000001 0.000003 -1.000000 0.000001 0.000003 -1.000000 0.000001 0.000003 -1.000000 0.000001 0.000003 -1.000000 0.000004 0.000003 -1.000000 0.000004 0.000003 -1.000000 0.000004 0.000003 -1.000000 0.000004 0.000003 -1.000000 0.965925 0.258824 0.000000 0.965925 0.258824 0.000000 0.258821 0.965925 0.000000 0.258821 0.965925 0.000000 0.923878 0.382686 0.000000 0.923878 0.382686 0.000000 0.382691 0.923877 0.000000 0.382691 0.923877 0.000000 0.866026 0.500000 0.000000 0.866026 0.500000 0.000000 0.499998 0.866026 0.000001 0.499998 0.866026 0.000001 0.793354 0.608761 0.000000 0.793354 0.608761 0.000000 0.608763 0.793352 0.000000 0.608763 0.793352 0.000000 0.707109 0.707105 0.000000 0.707109 0.707105 0.000000 0.000000 -0.699055 -0.715068 0.000009 -0.699065 -0.715058 0.000003 -0.699058 -0.715065 1.000000 -0.000014 0.000000 1.000000 0.000001 0.000000 1.000000 -0.000015 0.000000 1.000000 0.000001 0.000000 1.000000 0.000000 0.000000 1.000000 0.000000 0.000000 1.000000 0.000000 0.000000 1.000000 -0.000017 0.000000 1.000000 0.000009 0.000000 1.000000 0.000000 0.000000 1.000000 0.000000 0.000000 1.000000 0.000000 0.000000 1.000000 0.000009 0.000000 1.000000 0.000001 0.000000 1.000000 0.000000 0.000000 1.000000 0.000000 0.000000 1.000000 0.000000 0.000000 
						1.000000 -0.000001 0.000000 1.000000 0.000006 0.000000 1.000000 -0.000009 0.000000 1.000000 -0.000001 0.000000 1.000000 0.000000 0.000000 1.000000 0.000000 0.000000 1.000000 0.000000 0.000000 0.223189 -0.000004 -0.974775 0.024680 -0.000001 0.999695 0.024680 -0.000001 0.999695 0.000000 -1.000000 0.000000 0.000000 -1.000000 0.000000 0.000000 -1.000000 0.000000 0.000000 -1.000000 0.000000 0.000000 -1.000000 0.000000 0.223202 -0.000004 -0.974772 0.223202 -0.000004 -0.974772 0.951226 0.000000 -0.308496 0.950767 0.000000 -0.309908 0.950766 0.000000 -0.309909 0.711802 -0.000007 -0.702380 0.711802 -0.000007 -0.702380 0.711802 -0.000007 -0.702380 0.711802 -0.000007 -0.702380 1.000000 0.000000 0.000071 1.000000 0.000000 0.000072 -0.007926 -0.999969 0.000000 0.000000 -1.000000 0.000001 0.000000 0.000000 -1.000000 0.000000 0.000000 -1.000000 0.000000 0.000000 -1.000000 0.000000 0.000000 -1.000000 1.000000 0.000000 0.000071 1.000000 0.000000 0.000072 0.950766 0.000000 0.309909 0.950766 0.000000 0.309909 0.223196 -0.000001 0.974774 0.223196 -0.000001 0.974774 0.711768 -0.000001 0.702415 0.711768 -0.000001 0.702415 0.711768 -0.000001 0.702415 0.711768 -0.000001 0.702415 0.000000 -1.000000 -0.000002 0.000000 -1.000000 0.000001 0.000000 -1.000000 -0.000003 0.000000 -1.000000 -0.000002 0.000000 -1.000000 0.000005 0.000000 -1.000000 -0.000005 -0.991445 -0.130528 0.000000 -0.991445 -0.130528 0.000000 -0.130526 -0.991445 0.000000 -0.130526 -0.991445 0.000000 -0.965925 -0.258822 0.000000 -0.965925 -0.258822 0.000000 -0.258820 -0.965926 0.000000 -0.258820 -0.965926 0.000000 -0.923879 -0.382685 0.000000 -0.923879 -0.382685 0.000000 -0.382685 -0.923879 0.000000 -0.382685 -0.923879 0.000000 -0.000002 -0.000001 -1.000000 -0.000002 -0.000001 -1.000000 -0.000002 -0.000001 -1.000000 -0.000002 -0.000001 -1.000000 
						-0.000002 -0.000001 -1.000000 -0.000002 -0.000001 -1.000000 -0.000002 -0.000001 -1.000000 -0.000002 -0.000001 -1.000000 -0.866028 -0.499995 0.000000 -0.866028 -0.499996 0.000000 -0.500001 -0.866025 0.000000 -0.500001 -0.866025 0.000000 -0.608762 -0.793353 0.000000 -0.608762 -0.793353 0.000000 -0.793354 -0.608761 0.000000 -0.793354 -0.608761 0.000000 -0.707103 -0.707111 0.000000 -0.707103 -0.707111 0.000000 -0.707103 -0.707111 0.000000 -0.707103 -0.707111 0.000000 -0.000005 -0.000002 -1.000000 -0.000005 -0.000002 -1.000000 -0.000005 -0.000002 -1.000000 -0.000005 -0.000002 -1.000000 0.000001 -0.000002 -1.000000 0.000001 -0.000002 -1.000000 0.000001 -0.000002 -1.000000 0.000001 -0.000002 -1.000000 -0.000005 0.000000 -1.000000 -0.000005 0.000000 -1.000000 -0.000005 0.000000 -1.000000 -0.000005 0.000000 -1.000000 0.000002 0.000001 -1.000000 0.000002 0.000001 -1.000000 0.000002 0.000001 -1.000000 0.000002 0.000001 -1.000000 -0.000001 -0.000001 -1.000000 -0.000001 -0.000001 -1.000000 -0.000001 -0.000001 -1.000000 -0.000001 -0.000001 -1.000000 -0.000001 0.000003 -1.000000 -0.000001 0.000003 -1.000000 -0.000001 0.000003 -1.000000 -0.000001 0.000003 -1.000000 -0.000001 -0.000001 -1.000000 -0.000001 -0.000001 -1.000000 0.000003 -0.000001 -1.000000 0.000003 -0.000001 -1.000000 0.000003 -0.000001 -1.000000 0.000003 -0.000001 -1.000000 -0.000001 -0.000001 -1.000000 -0.000001 -0.000001 -1.000000 -0.000001 -0.000001 -1.000000 -0.000001 -0.000001 -1.000000 1.000000 0.000000 0.000000 1.000000 0.000000 0.000000 1.000000 0.000000 0.000000 1.000000 0.000000 0.000000 1.000000 0.000000 0.000000 1.000000 0.000000 0.000000 1.000000 -0.000017 -0.000474 1.000000 -0.000012 -0.000173 1.000000 0.000003 0.000190 1.000000 0.000000 0.000000 1.000000 0.000000 0.000000 0.000000 0.000018 1.000000 0.000000 0.000018 1.000000 0.000000 0.000018 1.000000 
						0.000000 0.000018 1.000000 0.000000 0.000007 1.000000 0.000000 0.000007 1.000000 0.000000 0.000007 1.000000 0.000000 0.000007 1.000000 0.000002 0.000013 1.000000 0.000002 0.000013 1.000000 0.000002 0.000013 1.000000 0.000002 0.000013 1.000000 -0.000004 0.000007 1.000000 -0.000004 0.000007 1.000000 -0.000004 0.000007 1.000000 -0.000004 0.000007 1.000000 0.000004 0.000007 1.000000 0.000004 0.000007 1.000000 0.000004 0.000007 1.000000 0.000004 0.000007 1.000000 0.000000 0.000000 1.000000 0.000000 0.000000 1.000000 0.000000 0.000000 1.000000 0.000000 0.000000 1.000000 0.000000 0.000000 1.000000 0.000000 0.000000 1.000000 0.000000 0.000000 1.000000 0.000000 0.000000 1.000000 0.000001 0.000000 1.000000 0.000001 0.000000 1.000000 0.000001 0.000000 1.000000 0.000001 0.000000 1.000000 0.000000 0.000000 1.000000 0.000000 0.000000 1.000000 0.000000 0.000000 1.000000 0.000000 0.000000 1.000000 0.000000 0.000000 1.000000 0.000000 0.000000 1.000000 0.000000 0.000000 1.000000 0.000000 0.000000 1.000000 0.000000 0.000000 1.000000 0.000000 0.000000 1.000000 0.000000 0.000000 1.000000 0.000000 0.000000 1.000000 0.000000 0.000000 1.000000 0.000000 0.000000 1.000000 0.000001 0.000000 1.000000 0.000001 0.000000 1.000000 0.000001 0.000000 1.000000 0.000001 0.000000 1.000000 0.000001 0.000000 1.000000 0.000001 0.000000 1.000000 0.000001 0.000000 1.000000 0.000001 0.000000 1.000000 0.000000 0.000000 1.000000 0.000000 0.000000 1.000000 0.000000 0.000000 1.000000 0.000000 0.000000 1.000000 -0.000001 0.000000 1.000000 -0.000001 0.000000 1.000000 -0.000001 0.000000 1.000000 -0.000001 0.000000 1.000000 0.000001 0.000000 1.000000 0.000001 0.000000 1.000000 0.000001 0.000000 1.000000 0.000001 0.000000 1.000000 -0.000001 0.000000 1.000000 
						-0.000001 0.000000 1.000000 0.000000 0.000000 1.000000 0.000000 0.000000 1.000000 0.000000 0.000000 1.000000 0.000000 0.000000 1.000000 0.000001 0.000000 1.000000 0.000001 0.000000 1.000000 0.000001 0.000000 1.000000 0.000001 0.000000 1.000000 -0.000001 0.000000 1.000000 -0.000001 0.000000 1.000000 -0.000001 0.000000 1.000000 -0.000001 0.000000 1.000000 0.000000 0.000000 1.000000 0.000000 0.000000 1.000000 0.000000 0.000000 1.000000 0.000000 0.000000 1.000000 0.000000 0.000000 1.000000 0.000000 0.000000 1.000000 0.000000 0.000000 1.000000 0.000000 0.000000 1.000000 0.000001 0.000000 1.000000 0.000001 0.000000 1.000000 0.000001 0.000000 1.000000 0.000001 0.000000 1.000000 0.000000 0.000000 1.000000 0.000000 0.000000 1.000000 0.000007 0.000003 1.000000 0.000007 0.000003 1.000000 0.000007 0.000003 1.000000 0.000007 0.000003 1.000000 -0.000007 0.000003 1.000000 -0.000007 0.000003 1.000000 -0.000007 0.000003 1.000000 -0.000007 0.000003 1.000000 0.000009 -0.000001 1.000000 0.000009 -0.000001 1.000000 0.000009 -0.000001 1.000000 0.000009 -0.000001 1.000000 -0.000015 0.000003 1.000000 -0.000015 0.000003 1.000000 -0.000015 0.000003 1.000000 -0.000015 0.000003 1.000000 0.000006 0.000005 1.000000 0.000006 0.000005 1.000000 0.000006 0.000005 1.000000 0.000006 0.000005 1.000000 -0.000015 0.000005 1.000000 -0.000015 0.000005 1.000000 -0.000015 0.000005 1.000000 -0.000015 0.000005 1.000000 0.000013 0.000006 1.000000 0.000013 0.000006 1.000000 0.000013 0.000006 1.000000 0.000013 0.000006 1.000000 -0.000013 0.000006 1.000000 -0.000013 0.000006 1.000000 -0.000013 0.000006 1.000000 -0.000013 0.000006 1.000000 0.000012 0.000008 1.000000 0.000012 0.000008 1.000000 0.000012 0.000008 1.000000 0.000012 0.000008 1.000000 -0.000012 0.000008 1.000000 
						-0.000012 0.000008 1.000000 -0.000012 0.000008 1.000000 -0.000012 0.000008 1.000000 0.000007 0.000003 1.000000 0.000007 0.000003 1.000000 0.000007 0.000003 1.000000 0.000007 0.000003 1.000000 -0.000007 0.000003 1.000000 -0.000007 0.000003 1.000000 -0.000007 0.000003 1.000000 -0.000007 0.000003 1.000000 0.000000 0.000000 1.000000 0.000000 0.000000 1.000000 0.000000 0.000000 1.000000 0.000000 0.000000 1.000000 -0.000001 0.000000 1.000000 -0.000001 0.000000 1.000000 -0.000001 0.000000 1.000000 -0.000001 0.000000 1.000000 0.000000 0.000000 1.000000 0.000000 0.000000 1.000000 -0.000003 0.000008 1.000000 -0.000003 0.000008 1.000000 -0.000003 0.000008 1.000000 -0.000003 0.000008 1.000000 0.000000 0.000000 1.000000 0.000000 0.000000 1.000000 -0.000007 0.000014 1.000000 -0.000007 0.000014 1.000000 -0.000007 0.000014 1.000000 -0.000007 0.000014 1.000000 0.000000 0.000000 1.000000 0.000000 0.000000 1.000000 -0.000006 0.000016 1.000000 -0.000006 0.000016 1.000000 -0.000006 0.000016 1.000000 -0.000006 0.000016 1.000000 0.000000 0.000000 1.000000 0.000000 0.000000 1.000000 -0.000003 0.000018 1.000000 -0.000003 0.000018 1.000000 -0.000003 0.000018 1.000000 -0.000003 0.000018 1.000000 0.000000 0.000000 1.000000 0.000000 0.000000 1.000000 0.000000 0.000011 1.000000 0.000000 0.000011 1.000000 0.000000 0.000011 1.000000 0.000000 0.000011 1.000000 -0.000002 0.000021 1.000000 -0.000002 0.000021 1.000000 -0.000002 0.000021 1.000000 -0.000002 0.000021 1.000000 0.000010 -0.934132 0.356927 0.000010 -0.934132 0.356927 0.000000 -0.567071 0.823669 0.000000 -0.567071 0.823669 0.000000 0.000000 1.000000 0.000000 0.000000 1.000000 -0.000005 0.562874 0.826543 -0.000005 0.562874 0.826543 -0.000010 0.930467 0.366375 -0.000010 0.930467 0.366375 
					</float_array>
					<technique_common>
						<accessor count="1471" offset="0" source="#meshId0-normals-array" stride="3">
							<param name="X" type="float" />
							<param name="Y" type="float" />
							<param name="Z" type="float" />
						</accessor>
					</technique_common>
				</source>
				<source id="meshId0-tangents" name="meshId0-tangents">
					<float_array id="meshId0-tangents-array" count="4413"> 
						0.000000 0.000681 1.000000 0.000000 0.000025 1.000000 0.000000 0.000077 1.000000 0.000000 -0.000677 1.000000 1.000000 0.000000 0.000000 1.000000 0.000000 0.000000 1.000000 0.000000 0.000000 1.000000 0.000000 0.000000 1.000000 0.000000 0.000000 1.000000 0.000000 0.000000 1.000000 0.000000 0.000000 1.000000 0.000000 0.000000 1.000000 0.000000 0.000000 1.000000 0.000000 0.000000 1.000000 0.000000 0.000000 1.000000 0.000000 0.000000 1.000000 0.000000 0.000000 1.000000 0.000000 0.000000 1.000000 0.000000 0.000000 1.000000 0.000000 0.000000 1.000000 0.000000 0.000000 1.000000 0.000000 0.000000 1.000000 0.000000 0.000000 1.000000 0.000000 0.000000 1.000000 0.000000 0.000000 1.000000 0.000000 0.000000 1.000000 0.000000 0.000000 1.000000 0.000000 0.000000 1.000000 0.000000 0.000000 1.000000 0.000000 0.000000 1.000000 0.000000 0.000000 1.000000 0.000000 0.000000 1.000000 0.000000 0.000000 1.000000 0.000000 0.000000 1.000000 0.000000 0.000000 1.000000 0.000000 0.000000 1.000000 0.000000 0.000000 1.000000 0.000000 0.000000 1.000000 0.000000 0.000000 1.000000 0.000000 0.000000 1.000000 0.000000 0.000000 1.000000 0.000000 0.000000 1.000000 0.000000 0.000000 1.000000 0.000000 0.000000 0.000000 0.000610 1.000000 0.000000 -0.000006 1.000000 0.000000 -0.000020 1.000000 0.000000 -0.000747 1.000000 0.000000 -0.000078 1.000000 0.000000 -0.000085 1.000000 0.000000 -0.000026 1.000000 0.000000 0.000001 1.000000 0.000000 0.000079 1.000000 0.000000 0.000067 1.000000 -0.999666 0.025848 0.000000 -0.999666 -0.025848 0.000000 -0.999666 -0.025848 0.000000 -0.999666 0.025848 0.000000 -0.999666 -0.025848 0.000000 -0.999666 0.025848 0.000000 -0.999666 0.025848 0.000000 -0.999666 -0.025848 0.000000 0.000000 -1.000000 0.000770 0.000000 -0.999999 -0.001076 
						-0.258771 -0.965938 -0.001329 -0.258770 -0.965936 0.002213 -0.707106 -0.707107 0.001333 -0.707105 -0.707105 -0.002214 -0.866025 -0.500000 -0.000770 -0.866025 -0.500000 0.001079 -0.866025 0.500000 0.001147 -0.866025 0.500000 -0.000702 -0.707106 0.707106 0.001466 -0.707105 0.707105 -0.002082 -0.258771 0.965938 -0.001461 -0.258770 0.965937 0.002081 0.000000 1.000000 0.000702 0.000000 0.999999 -0.001145 -0.866025 0.500000 0.000000 -0.866025 0.500000 0.000000 -0.707106 0.707107 0.000000 -0.707106 0.707107 0.000000 0.258771 -0.965939 0.000000 0.258771 -0.965939 0.000000 0.258771 0.965939 0.000000 0.258771 0.965939 0.000000 -0.707107 -0.707107 0.000000 -0.707107 -0.707107 0.000000 -0.866025 -0.500000 0.000000 -0.866025 -0.500000 0.000000 -1.000000 0.000005 0.000000 -1.000000 0.000010 0.000000 -1.000000 -0.000023 0.000000 -1.000000 -0.000005 0.000000 -1.000000 0.000007 0.000000 -1.000000 0.000001 0.000000 -1.000000 -0.000000 0.000000 -1.000000 0.000000 0.000000 -1.000000 -0.000001 0.000000 -1.000000 -0.000003 0.000000 -1.000000 -0.000006 0.000000 -1.000000 0.000004 0.000000 -1.000000 0.000024 0.000000 -1.000000 0.000041 0.000000 0.988457 -0.003785 -0.151456 0.990235 0.007797 0.139189 0.991337 0.010446 0.130926 0.988435 -0.003690 -0.151598 0.998727 0.020647 -0.046018 0.998935 -0.016252 0.043182 1.000000 0.000005 0.000505 0.999995 0.003268 -0.000538 0.999938 0.011091 -0.000394 0.999996 -0.002777 0.000477 0.998863 0.017845 0.044209 0.999258 -0.007797 -0.037719 0.992469 0.013434 -0.121756 0.988949 -0.004809 0.148177 0.988951 -0.004862 0.148162 0.991477 0.010853 -0.129826 0.999827 -0.015699 0.009983 0.999693 0.022700 0.009978 0.839685 0.023494 0.542566 0.839635 -0.030007 0.542321 0.306919 -0.071465 0.949049 0.307476 0.096663 0.946633 0.306838 0.068240 0.949312 0.307501 -0.097699 0.946519 
						0.306887 0.070168 -0.949156 0.307553 -0.100979 -0.946158 0.306993 -0.074573 -0.948786 0.307508 0.098649 -0.946418 0.839672 0.025532 -0.542493 0.839582 -0.034373 -0.542145 0.999586 -0.026976 -0.009975 0.999604 0.026322 -0.009975 0.999647 0.026484 -0.002066 0.999108 0.042078 -0.003690 0.999320 -0.036696 -0.003703 0.999920 -0.012489 -0.002120 0.999753 0.022146 0.002083 0.998889 0.046975 0.003679 0.999387 -0.034826 0.003707 0.999751 -0.022240 0.002082 0.797581 -0.250796 -0.548603 0.793935 -0.245681 -0.556155 0.958312 -0.032293 -0.283894 0.800223 -0.254411 0.543064 0.796516 -0.249161 0.550891 0.959208 -0.040205 0.279827 0.458524 0.229742 0.858472 0.473928 0.270066 0.838127 0.882495 0.058083 0.466721 0.459067 0.231097 -0.857818 0.474470 0.271497 -0.837357 0.882425 0.057211 -0.466961 0.794662 0.246837 0.554603 0.806590 0.263175 0.529293 0.958491 0.033826 0.283109 0.475343 -0.273678 -0.836152 0.465337 -0.247398 -0.849856 0.882681 -0.060500 -0.466063 0.475162 -0.273170 0.836420 0.464999 -0.246497 0.850303 0.882716 -0.060985 0.465933 0.799134 0.252909 -0.545365 0.810763 0.269166 -0.519819 0.959514 0.043069 -0.278348 -0.309014 0.951057 0.000000 -0.309014 0.951057 0.000000 -0.587787 0.809016 0.000000 -0.587787 0.809016 0.000000 -0.809018 0.587783 0.000000 -0.809018 0.587783 0.000000 -0.951055 0.309022 0.000000 -0.951055 0.309022 0.000000 -1.000000 0.000000 0.000000 -1.000000 0.000000 0.000000 -0.951055 -0.309022 0.000000 -0.951055 -0.309022 0.000000 -0.809018 -0.587784 0.000000 -0.809018 -0.587784 0.000000 -0.587787 -0.809016 0.000000 -0.587787 -0.809016 0.000000 -0.309015 -0.951057 0.000000 -0.309015 -0.951057 0.000000 0.000000 -1.000000 0.000000 0.000000 -1.000000 0.000000 0.309018 -0.951056 0.000000 0.309018 -0.951056 0.000000 0.587782 -0.809019 0.000000 0.587782 -0.809019 0.000000 
						0.809017 -0.587786 0.000000 0.809017 -0.587786 0.000000 0.951057 -0.309014 0.000000 0.951057 -0.309014 0.000000 1.000000 0.000000 0.000000 1.000000 0.000000 0.000000 0.951058 0.309014 0.000000 0.951057 0.309014 0.000000 0.809016 0.587786 0.000000 0.809016 0.587786 0.000000 0.587782 0.809019 0.000000 0.587782 0.809019 0.000000 0.309018 0.951056 0.000000 0.309018 0.951056 0.000000 0.000001 1.000000 0.000000 0.000001 1.000000 0.000000 -0.309014 0.951057 0.000000 -0.309014 0.951057 0.000000 0.869933 -0.493171 0.000000 0.737309 -0.675556 0.000000 0.751865 -0.659317 0.000000 0.901757 -0.432244 0.000000 0.869645 -0.493677 0.000000 0.951444 -0.307823 0.000000 0.964410 -0.264410 0.000000 0.987087 -0.160185 0.000000 0.999987 -0.005080 0.000000 0.999995 -0.003039 0.000000 0.966789 0.255576 0.000000 0.988090 0.153880 0.000000 0.872079 0.489366 0.000000 0.953809 0.300413 0.000000 0.745240 0.666796 0.000000 0.907541 0.419963 0.000000 0.682282 0.731089 0.000000 0.902713 0.430242 0.000000 0.996591 0.082497 0.000000 0.999973 -0.007383 0.000000 0.737327 -0.675536 0.000000 0.901322 -0.433150 0.000000 0.751866 -0.659316 0.000000 0.925233 -0.379398 0.000000 0.869648 -0.493672 0.000000 0.963642 -0.267198 0.000000 0.964412 -0.264403 0.000000 0.990435 -0.137981 0.000000 0.999987 -0.005083 0.000000 0.999995 -0.003040 0.000000 0.966790 0.255573 0.000000 0.991291 0.131687 0.000000 0.872079 0.489366 0.000000 0.965652 0.259839 0.000000 0.745243 0.666793 0.000000 0.930153 0.367173 0.000000 0.682292 0.731080 0.000000 0.929999 0.367561 0.000000 0.996591 0.082497 0.000000 0.996721 -0.080910 0.000000 1.000000 0.000000 0.000000 -0.309016 0.951057 0.000000 -0.309016 0.951057 0.000000 -0.587785 0.809017 0.000000 -0.587785 0.809017 0.000000 -0.809017 0.587785 0.000000 
						-0.809017 0.587785 0.000000 -0.951057 0.309017 0.000000 -0.951057 0.309017 0.000000 -1.000000 0.000000 0.000000 -1.000000 0.000000 0.000000 -0.951057 -0.309017 0.000000 -0.951057 -0.309017 0.000000 -0.809017 -0.587785 0.000000 -0.809017 -0.587785 0.000000 -0.587785 -0.809017 0.000000 -0.587785 -0.809017 0.000000 -0.309017 -0.951057 0.000000 -0.309017 -0.951057 0.000000 0.000000 -1.000000 0.000000 0.000000 -1.000000 0.000000 0.309017 -0.951057 0.000000 0.309017 -0.951057 0.000000 0.587785 -0.809017 0.000000 0.587785 -0.809017 0.000000 0.809017 -0.587785 0.000000 0.809017 -0.587785 0.000000 0.951057 -0.309017 0.000000 0.951057 -0.309017 0.000000 1.000000 0.000000 0.000000 1.000000 0.000000 0.000000 0.951057 0.309017 0.000000 0.951057 0.309017 0.000000 0.809017 0.587785 0.000000 0.809017 0.587785 0.000000 0.587785 0.809017 0.000000 0.587785 0.809017 0.000000 0.309017 0.951057 0.000000 0.309017 0.951057 0.000000 0.000001 1.000000 0.000000 0.000001 1.000000 0.000000 -0.309016 0.951057 0.000000 -0.309016 0.951057 0.000000 0.869932 -0.493173 0.000000 0.737311 -0.675554 0.000000 0.751864 -0.659318 0.000000 0.901757 -0.432243 0.000000 0.869650 -0.493669 0.000000 0.951444 -0.307821 0.000000 0.964409 -0.264417 0.000000 0.987086 -0.160194 0.000000 0.999987 -0.005078 0.000000 0.999995 -0.003037 0.000000 0.966788 0.255578 0.000000 0.988089 0.153880 0.000000 0.872077 0.489368 0.000000 0.953808 0.300418 0.000000 0.745242 0.666794 0.000000 0.907543 0.419960 0.000000 0.682282 0.731089 0.000000 0.902713 0.430244 0.000000 0.996591 0.082496 0.000000 0.999973 -0.007381 0.000000 0.737327 -0.675536 0.000000 0.901320 -0.433153 0.000000 0.751866 -0.659316 0.000000 0.925236 -0.379393 0.000000 0.869649 -0.493670 0.000000 0.963643 -0.267194 0.000000 0.964409 -0.264415 0.000000 
						0.990434 -0.137986 0.000000 0.999987 -0.005081 0.000000 0.999995 -0.003039 0.000000 0.966789 0.255575 0.000000 0.991291 0.131690 0.000000 0.872079 0.489365 0.000000 0.965652 0.259838 0.000000 0.745243 0.666793 0.000000 0.930155 0.367168 0.000000 0.682291 0.731080 0.000000 0.929999 0.367562 0.000000 0.996591 0.082496 0.000000 0.996721 -0.080909 0.000000 1.000000 0.000000 0.000000 -0.309016 0.951057 0.000000 -0.309016 0.951057 0.000000 -0.587785 0.809017 0.000000 -0.587785 0.809017 0.000000 -0.809017 0.587786 0.000000 -0.809017 0.587786 0.000000 -0.951057 0.309017 0.000000 -0.951057 0.309017 0.000000 -1.000000 -0.000002 0.000000 -1.000000 -0.000002 0.000000 -0.951057 -0.309017 0.000000 -0.951057 -0.309017 0.000000 -0.809017 -0.587785 0.000000 -0.809017 -0.587785 0.000000 -0.587785 -0.809017 0.000000 -0.587785 -0.809017 0.000000 -0.309017 -0.951057 0.000000 -0.309017 -0.951057 0.000000 0.000000 -1.000000 0.000000 0.000000 -1.000000 0.000000 0.309017 -0.951057 0.000000 0.309017 -0.951057 0.000000 0.587785 -0.809017 0.000000 0.587785 -0.809017 0.000000 0.809017 -0.587785 0.000000 0.809017 -0.587785 0.000000 0.951057 -0.309017 0.000000 0.951057 -0.309017 0.000000 1.000000 0.000000 0.000000 1.000000 0.000000 0.000000 0.951057 0.309017 0.000000 0.951057 0.309017 0.000000 0.809017 0.587785 0.000000 0.809017 0.587785 0.000000 0.587785 0.809017 0.000000 0.587785 0.809017 0.000000 0.309017 0.951057 0.000000 0.309017 0.951057 0.000000 0.000001 1.000000 0.000000 0.000001 1.000000 0.000000 -0.309016 0.951057 0.000000 -0.309016 0.951057 0.000000 0.869933 -0.493170 0.000000 0.737319 -0.675545 0.000000 0.751871 -0.659310 0.000000 0.901756 -0.432245 0.000000 0.869648 -0.493673 0.000000 0.951443 -0.307825 0.000000 0.964411 -0.264408 0.000000 0.987086 -0.160189 0.000000 
						0.999987 -0.005080 0.000000 0.999995 -0.003039 0.000000 0.966788 0.255579 0.000000 0.988090 0.153880 0.000000 0.872079 0.489364 0.000000 0.953808 0.300416 0.000000 0.745244 0.666792 0.000000 0.907541 0.419964 0.000000 0.682289 0.731082 0.000000 0.902715 0.430240 0.000000 0.996591 0.082496 0.000000 0.999973 -0.007381 0.000000 0.737309 -0.675555 0.000000 0.901318 -0.433159 0.000000 0.751863 -0.659319 0.000000 0.925237 -0.379391 0.000000 0.869648 -0.493673 0.000000 0.963643 -0.267193 0.000000 0.964408 -0.264417 0.000000 0.990434 -0.137986 0.000000 0.999987 -0.005079 0.000000 0.999995 -0.003038 0.000000 0.966789 0.255576 0.000000 0.991291 0.131690 0.000000 0.872078 0.489367 0.000000 0.965652 0.259837 0.000000 0.745240 0.666796 0.000000 0.930155 0.367168 0.000000 0.682281 0.731090 0.000000 0.929997 0.367567 0.000000 0.996592 0.082496 0.000000 0.996721 -0.080909 0.000000 1.000000 0.000000 0.000000 -0.809016 0.587787 0.000000 -0.809016 0.587787 0.000000 -0.809016 0.587787 0.000000 -0.809016 0.587787 0.000000 -1.000000 0.000000 0.000000 -1.000000 0.000000 0.000000 -1.000000 0.000000 0.000000 -1.000000 0.000000 0.000000 -0.809016 -0.587787 0.000000 -0.809016 -0.587787 0.000000 -0.809016 -0.587787 0.000000 -0.809016 -0.587787 0.000000 -0.309017 -0.951056 0.000000 -0.309017 -0.951056 0.000000 -0.309017 -0.951056 0.000000 -0.309017 -0.951056 0.000000 0.309017 -0.951057 0.000000 0.309017 -0.951056 0.000000 0.309017 -0.951057 0.000000 0.309017 -0.951056 0.000000 0.809016 -0.587787 0.000000 0.809016 -0.587787 0.000000 0.809016 -0.587787 0.000000 0.809016 -0.587787 0.000000 1.000000 0.000000 0.000000 1.000000 0.000000 0.000000 1.000000 0.000000 0.000000 1.000000 0.000000 0.000000 0.809016 0.587787 0.000000 0.809016 0.587787 0.000000 0.809016 0.587787 0.000000 
						0.809016 0.587787 0.000000 0.309017 0.951056 0.000000 0.309017 0.951056 0.000000 0.309017 0.951056 0.000000 0.309017 0.951056 0.000000 -0.309017 0.951056 0.000000 -0.309017 0.951056 0.000000 -0.309017 0.951056 0.000000 -0.309017 0.951056 0.000000 0.999498 -0.031694 0.000000 0.999928 -0.011956 0.000000 1.000000 0.000000 0.000000 0.999928 0.011956 0.000000 0.999498 0.031694 0.000000 0.999200 0.039994 0.000000 0.999454 0.033027 0.000000 0.999919 0.012771 0.000000 0.999919 -0.012771 0.000000 0.999454 -0.033027 0.000000 0.999200 -0.039994 0.000000 -0.809016 0.587787 0.000000 -0.809016 0.587787 0.000000 -0.809016 0.587787 0.000000 -0.809016 0.587787 0.000000 -1.000000 0.000000 0.000000 -1.000000 0.000000 0.000000 -1.000000 0.000000 0.000000 -1.000000 0.000000 0.000000 -0.809016 -0.587787 0.000000 -0.809016 -0.587787 0.000000 -0.809016 -0.587787 0.000000 -0.809016 -0.587787 0.000000 -0.309017 -0.951057 0.000000 -0.309017 -0.951056 0.000000 -0.309017 -0.951057 0.000000 -0.309017 -0.951056 0.000000 0.309017 -0.951057 0.000000 0.309017 -0.951057 0.000000 0.309017 -0.951057 0.000000 0.309017 -0.951057 0.000000 0.809016 -0.587787 0.000000 0.809016 -0.587787 0.000000 0.809016 -0.587787 0.000000 0.809016 -0.587787 0.000000 1.000000 0.000000 0.000000 1.000000 0.000000 0.000000 1.000000 0.000000 0.000000 1.000000 0.000000 0.000000 0.809016 0.587787 0.000000 0.809016 0.587787 0.000000 0.809016 0.587787 0.000000 0.809016 0.587787 0.000000 0.309017 0.951057 0.000000 0.309017 0.951057 0.000000 0.309017 0.951057 0.000000 0.309017 0.951057 0.000000 -0.309017 0.951056 0.000000 -0.309017 0.951056 0.000000 -0.309017 0.951056 0.000000 -0.309017 0.951056 0.000000 0.999498 -0.031692 0.000000 0.999929 -0.011954 0.000000 1.000000 0.000000 0.000000 0.999929 0.011954 0.000000 
						0.999498 0.031692 0.000000 0.999200 0.039994 0.000000 0.999454 0.033030 0.000000 0.999918 0.012774 0.000000 0.999918 -0.012774 0.000000 0.999454 -0.033030 0.000000 0.999200 -0.039994 0.000000 1.000000 0.000000 0.000000 1.000000 0.000000 0.000000 1.000000 0.000000 0.000000 1.000000 0.000000 0.000000 1.000000 0.000000 0.000000 1.000000 0.000000 0.000000 1.000000 0.000000 0.000000 1.000000 0.000000 0.000000 1.000000 -0.000032 0.000055 1.000000 0.000038 0.000096 1.000000 -0.000051 0.000039 1.000000 0.000016 0.000156 1.000000 0.000000 -0.000006 1.000000 0.000000 0.000000 1.000000 0.000000 0.000000 1.000000 0.000000 0.000000 1.000000 0.000000 0.000000 1.000000 0.000000 0.000000 1.000000 0.000000 0.000000 1.000000 0.000000 0.000000 1.000000 0.000000 0.000000 1.000000 0.000000 0.000000 1.000000 0.000000 0.000000 1.000000 0.000000 0.000000 1.000000 0.000000 0.000000 1.000000 0.000000 0.000000 1.000000 0.000000 0.000000 1.000000 0.000000 0.000000 1.000000 0.000000 0.000000 1.000000 0.000000 0.000000 0.000000 0.000000 -1.000000 0.000000 0.000000 -1.000000 0.000000 0.000000 -1.000000 0.000000 0.000000 -1.000000 0.000000 0.000000 -1.000000 0.000000 0.000000 -1.000000 0.000000 0.000000 -1.000000 0.000000 0.000000 -1.000000 0.000000 0.000000 -1.000000 0.000000 0.000000 -1.000000 0.000000 0.000000 -1.000000 0.000000 0.000000 -1.000000 0.000000 0.000000 -1.000000 0.000000 0.000000 -1.000000 1.000000 0.000000 0.000000 1.000000 0.000000 0.000000 1.000000 0.000000 0.000000 1.000000 0.000000 0.000000 1.000000 0.000000 0.000000 1.000000 0.000000 0.000000 1.000000 0.000000 0.000000 1.000000 0.000000 0.000000 1.000000 -0.000032 0.000055 1.000000 0.000037 0.000095 1.000000 -0.000051 0.000039 1.000000 0.000015 0.000154 1.000000 0.000000 -0.000007 
						1.000000 0.000000 0.000000 1.000000 0.000000 0.000000 1.000000 0.000000 0.000000 1.000000 0.000000 0.000000 1.000000 0.000000 0.000000 1.000000 0.000000 0.000000 1.000000 0.000000 0.000000 1.000000 0.000000 0.000000 1.000000 0.000000 0.000000 1.000000 0.000000 0.000000 1.000000 0.000000 0.000000 1.000000 0.000000 0.000000 1.000000 0.000000 0.000000 1.000000 0.000000 0.000000 1.000000 0.000000 0.000000 1.000000 0.000000 0.000000 1.000000 0.000000 0.000000 0.000000 0.000000 -1.000000 0.000000 0.000000 -1.000000 0.000000 0.000000 -1.000000 0.000000 0.000000 -1.000000 0.000000 0.000000 -1.000000 0.000000 0.000000 -1.000000 0.000000 0.000000 -1.000000 0.000000 0.000000 -1.000000 0.000000 0.000000 -1.000000 0.000000 0.000000 -1.000000 0.000000 0.000000 -1.000000 0.000000 0.000000 -1.000000 0.000000 0.000000 -1.000000 0.000000 0.000000 -1.000000 -1.000000 0.000000 0.000000 -1.000000 0.000000 0.000000 -1.000000 0.000000 0.000000 -1.000000 0.000000 0.000000 -1.000000 0.000000 0.000000 -1.000000 0.000000 0.000000 -1.000000 0.000000 0.000000 -1.000000 0.000000 0.000000 -1.000000 0.000000 0.000000 -1.000000 0.000000 0.000000 -1.000000 0.000000 0.000000 -1.000000 0.000000 0.000000 -1.000000 0.000000 0.000000 -1.000000 0.000000 0.000000 -1.000000 0.000000 0.000000 -1.000000 0.000000 0.000000 -1.000000 0.000000 0.000000 -1.000000 0.000000 0.000000 -1.000000 0.000000 0.000000 -1.000000 0.000000 0.000000 -1.000000 0.000000 0.000000 -1.000000 0.000000 0.000000 -1.000000 0.000000 0.000000 -1.000000 0.000000 0.000000 -1.000000 0.000000 0.000000 -1.000000 0.000000 0.000000 -1.000000 0.000000 0.000000 -1.000000 0.000000 0.000000 -1.000000 0.000000 0.000000 -1.000000 0.000000 0.000000 -1.000000 0.000000 0.000000 -1.000000 0.000000 0.000000 -1.000000 0.000000 0.000000 
						-1.000000 0.000000 0.000000 -1.000000 0.000000 0.000000 -1.000000 0.000000 0.000000 -1.000000 0.000000 0.000000 -1.000000 0.000000 0.000000 -1.000000 0.000000 0.000000 -1.000000 0.000000 0.000000 -1.000000 0.000000 0.000000 -1.000000 0.000000 0.000000 -1.000000 0.000000 0.000000 -1.000000 0.000000 0.000000 -1.000000 0.000000 0.000000 -1.000000 0.000000 0.000000 -1.000000 0.000000 0.000000 -1.000000 0.000000 0.000000 -1.000000 0.000000 0.000000 -1.000000 0.000000 0.000000 -1.000000 0.000000 0.000000 -1.000000 0.000000 0.000000 -0.999696 0.000000 0.024646 -1.000000 0.000000 0.000037 -1.000000 0.000000 -0.000019 -0.999696 0.000000 -0.024663 -1.000000 0.000000 -0.000023 -1.000000 0.000000 0.000019 -1.000000 0.000000 -0.000006 -1.000000 0.000000 0.000001 -0.999695 -0.000000 -0.024681 -0.999695 -0.000000 -0.024681 -0.974773 0.000000 -0.223198 -0.974773 0.000000 -0.223198 -0.974773 0.000000 0.223199 0.026039 0.000000 0.999661 0.005332 0.000001 0.999986 -0.002414 0.000019 0.999997 0.099355 0.000015 0.995052 0.002394 0.000019 0.999997 0.006975 0.000000 0.999976 1.000000 0.000000 0.000000 1.000000 0.000000 0.000000 1.000000 0.000000 0.000000 1.000000 0.000000 0.000000 -0.702433 0.000000 0.711749 -0.702415 0.000000 0.711767 -0.679150 0.000000 0.734000 1.000000 0.000000 0.000000 1.000000 0.000000 0.000000 1.000000 0.000000 0.000000 1.000000 0.000000 0.000000 -0.702415 0.000000 -0.711767 -0.702415 0.000000 -0.711767 -0.702415 0.000000 -0.711767 -0.702415 0.000000 -0.711767 -1.000000 0.000000 -0.000109 -1.000000 0.000000 0.000250 -1.000000 0.000000 -0.000092 1.000000 0.000000 0.000000 1.000000 0.000000 0.000000 -0.309909 0.000000 -0.950766 -0.309909 0.000000 -0.950766 0.000000 0.000000 -1.000000 0.000000 0.000000 -1.000000 1.000000 0.000000 0.000000 1.000000 0.000000 0.000000 
						-0.002411 -0.000019 0.999997 -0.261904 0.000007 0.965094 -0.024359 0.000001 0.999703 0.000000 0.000000 1.000000 0.000000 0.000000 1.000000 -0.309908 0.000000 0.950767 -0.309908 0.000000 0.950767 -0.974767 0.000000 0.223224 -0.974767 -0.000000 0.223224 -0.162949 0.000000 0.986634 -1.000000 0.000000 -0.000006 -1.000000 0.000000 -0.000041 -0.702434 0.000000 0.711749 -0.702434 -0.000000 0.711749 -0.000101 0.000000 1.000000 1.000000 0.000000 0.000000 1.000000 0.000000 0.000000 1.000000 0.000000 0.000000 1.000000 0.000000 0.000000 0.159259 0.000001 0.987237 0.379875 -0.000005 0.925038 1.000000 0.000000 0.000000 1.000000 0.000000 0.000000 1.000000 0.000000 0.000000 1.000000 0.000000 0.000000 0.299141 -0.000010 0.954209 1.000000 0.000000 0.000000 1.000000 0.000000 0.000000 1.000000 0.000000 0.000000 1.000000 0.000000 0.000000 1.000000 0.000000 0.000000 1.000000 0.000000 0.000000 -0.988921 0.148443 -0.000000 -0.981076 0.193622 -0.000000 -0.994808 0.101769 -0.000000 -0.994628 0.103510 -0.000000 -0.971637 0.236477 -0.000000 -0.972705 0.232043 -0.000000 -0.000000 -0.000000 1.000000 0.000032 0.000004 1.000000 -0.941734 0.336359 -0.000002 -0.939989 0.341205 -0.000002 -0.949258 0.314497 -0.000002 -0.947206 0.320625 -0.000002 0.000042 0.000011 1.000000 0.000009 0.000003 1.000000 -0.932259 0.361792 -0.000002 -0.935082 0.354431 -0.000002 -0.000012 -0.000005 1.000000 -0.000041 -0.000017 1.000000 -0.915048 0.403345 -0.000001 -0.917579 0.397553 -0.000001 -0.920442 0.390880 -0.000001 -0.917199 0.398429 -0.000001 -0.000031 -0.000018 1.000000 0.000001 0.000001 1.000000 -0.912298 0.409527 -0.000001 -0.915896 0.401416 -0.000001 0.000001 0.000001 1.000000 0.000001 0.000001 1.000000 -0.906938 0.421264 -0.000002 -0.910454 0.413609 -0.000002 -0.907098 0.420920 -0.000002 -0.903448 0.428697 -0.000002 
						-0.896483 -0.443078 0.000001 -0.895028 -0.446011 0.000001 -0.897701 0.440606 0.000001 -0.894110 0.447847 0.000001 0.000001 0.000001 1.000000 0.000000 0.000000 1.000000 -0.903364 0.428875 -0.000001 -0.906990 0.421152 -0.000001 -0.903545 0.428493 -0.000001 -0.899783 0.436337 -0.000001 0.000000 0.000000 -1.000000 0.000000 0.000000 -1.000000 0.000000 0.000000 -1.000000 0.000000 0.000000 -1.000000 0.000000 0.000000 -1.000000 0.000000 0.000000 -1.000000 0.000000 0.000000 -1.000000 0.000000 0.000000 -1.000000 -0.898028 0.439938 -0.000002 -0.902489 0.430712 -0.000002 -0.901163 0.433481 -0.000002 -0.897532 0.440949 -0.000002 0.000000 0.000000 -1.000000 0.000000 0.000000 -1.000000 -0.899240 0.437457 -0.000002 -0.902517 0.430655 -0.000002 0.000000 0.000000 -1.000000 0.000000 0.000000 -1.000000 -0.894513 0.447042 -0.000002 -0.899000 0.437949 -0.000002 -0.897688 0.440632 -0.000002 -0.894621 0.446826 -0.000002 0.000000 0.000000 -1.000000 0.000000 0.000000 -1.000000 -0.895595 0.444870 -0.000002 -0.898243 0.439500 -0.000002 0.000000 0.000000 -1.000000 0.000000 0.000000 -1.000000 -0.000000 -0.000001 -1.000000 0.000000 0.000001 -1.000000 0.000002 -0.000529 -1.000000 -0.000000 -0.000330 -1.000000 0.000000 0.000032 -1.000000 0.000000 -0.000014 -1.000000 -0.000001 -0.000003 -1.000000 0.000000 0.000050 -1.000000 -0.000417 0.001036 -0.999999 -0.000060 -0.000241 -1.000000 0.000001 0.000003 -1.000000 0.000379 0.000001 -1.000000 -0.000000 0.000236 -1.000000 0.000000 -0.001001 -1.000000 0.000000 -0.000187 -1.000000 0.000000 -0.000940 -1.000000 0.000000 -0.000192 -1.000000 0.000000 -0.001026 -0.999999 1.000000 0.000000 0.000000 1.000000 0.000000 0.000000 0.000000 -0.000000 -1.000000 0.000000 0.000028 -1.000000 0.000000 0.000086 -1.000000 0.000000 0.000057 -1.000000 0.000000 0.000175 -1.000000 0.000000 0.000034 -1.000000 
						-1.000000 0.000000 0.000000 -1.000000 0.000000 0.000000 -1.000000 0.000000 0.000000 -1.000000 0.000000 0.000000 -1.000000 0.000000 0.000000 -1.000000 0.000000 0.000000 -1.000000 0.000000 0.000000 -1.000000 0.000000 0.000000 -1.000000 0.000000 0.000026 -1.000000 0.000000 0.000026 -1.000000 0.000011 0.000018 -1.000000 0.000000 0.000000 -1.000000 0.000000 0.000000 -1.000000 0.000000 0.000000 -0.999998 0.001866 0.000053 -0.999998 0.001870 0.000053 -0.999999 0.000925 0.000527 -0.999999 0.000944 0.000537 -0.895590 0.444880 0.000000 -0.898252 0.439481 0.000000 -0.895692 0.444675 0.000000 -0.892962 0.450131 0.000000 -0.897549 0.440916 0.000003 -0.900512 0.434831 0.000003 -0.897683 0.440642 0.000003 -0.894631 0.446806 0.000003 0.000000 0.000000 -1.000000 0.000000 0.000000 -1.000000 -0.899147 0.437646 -0.000001 -0.902524 0.430640 -0.000001 -0.902365 0.430972 -0.000001 -0.897895 0.440209 -0.000001 0.000000 0.000000 -1.000000 0.000000 0.000000 -1.000000 -1.000000 0.000001 0.000028 -1.000000 0.000001 0.000028 -0.901109 0.433592 -0.000001 -0.897583 0.440846 -0.000001 0.000000 0.000000 -1.000000 -0.000013 -0.000031 -1.000000 -0.903361 0.428880 0.000000 -0.906995 0.421141 0.000000 -0.903543 0.428497 0.000000 -0.899773 0.436358 0.000000 -0.896483 -0.443079 -0.000001 -0.895028 -0.446010 -0.000001 -0.897691 0.440625 -0.000001 -0.894103 0.447861 -0.000001 -0.000024 -0.000042 -1.000000 -0.000042 -0.000073 -1.000000 -0.906937 0.421267 -0.000004 -0.910444 0.413632 -0.000004 -0.907096 0.420923 -0.000004 -0.903457 0.428680 -0.000004 -0.000056 -0.000073 -1.000000 -0.000006 -0.000007 -1.000000 -0.912356 0.409397 -0.000004 -0.915838 0.401547 -0.000004 -0.912486 0.409108 -0.000004 -0.908870 0.417080 -0.000004 -1.000000 0.000001 0.000023 -1.000000 -0.000009 0.000017 -1.000000 -0.000009 0.000017 -1.000000 -0.000009 0.000017 
						-1.000000 0.000000 0.000000 -1.000000 0.000000 0.000000 0.000011 0.000009 -1.000000 0.000100 0.000098 -1.000000 -0.920475 0.390802 -0.000001 -0.923731 0.383042 -0.000001 -0.920556 0.390610 -0.000001 -0.917174 0.398488 -0.000001 -1.000000 -0.000078 0.000087 -1.000000 -0.000036 0.000081 -1.000000 0.000003 0.000037 -1.000000 -0.000001 0.000037 -0.999991 0.004029 -0.000892 -0.999991 0.004108 -0.001182 -0.999993 0.003603 0.000669 -0.999993 0.003523 0.000961 0.000115 0.000087 -1.000000 0.000118 0.000089 -1.000000 -0.932249 0.361818 0.000002 -0.935058 0.354494 0.000002 -0.932271 0.361760 0.000002 -0.929353 0.369192 0.000002 0.000107 0.000062 -1.000000 0.000075 0.000043 -1.000000 -0.949299 0.314376 0.000001 -0.951168 0.308674 0.000001 -0.949271 0.314459 0.000001 -0.947336 0.320242 0.000001 0.000075 0.000031 -1.000000 0.000075 0.000031 -1.000000 -0.971742 0.236044 -0.000002 -0.972897 0.231237 -0.000002 -0.981088 0.193561 -0.000002 -0.988894 0.148622 -0.000002 0.000075 0.000020 -1.000000 0.000074 0.000020 -1.000000 -0.994782 0.102020 -0.000001 -0.994649 0.103314 -0.000001 0.000074 0.000010 -1.000000 0.000105 0.000014 -1.000000 0.000113 0.000000 -1.000000 0.000148 0.000000 -1.000000 0.000000 0.000375 -1.000000 0.000000 -0.000095 -1.000000 0.000000 -0.000125 -1.000000 0.000000 -0.001631 -0.999999 1.000000 0.000000 0.000000 1.000000 0.000000 0.000000 1.000000 0.000000 0.000000 1.000000 0.000000 0.000000 1.000000 0.000000 0.000000 1.000000 0.000000 0.000000 -1.000000 0.000000 0.000000 -1.000000 0.000000 0.000000 -1.000000 0.000000 0.000000 -1.000000 0.000000 0.000000 1.000000 0.000000 0.000000 1.000000 0.000000 0.000000 1.000000 0.000000 0.000000 1.000000 0.000000 0.000000 1.000000 0.000000 0.000000 1.000000 0.000000 0.000000 0.000077 -0.000000 -1.000000 0.000073 -0.000000 -1.000000 
						1.000000 0.000000 0.000000 1.000000 0.000000 0.000000 1.000000 0.000000 0.000000 1.000000 0.000000 0.000000 1.000000 0.000000 0.000000 1.000000 0.000000 0.000000 1.000000 0.000000 0.000000 1.000000 0.000000 0.000000 1.000000 0.000000 0.000000 1.000000 0.000000 0.000000 1.000000 0.000000 0.000000 1.000000 0.000000 0.000000 0.000000 0.000025 -1.000000 0.000000 0.000084 -1.000000 -1.000000 0.000013 -0.000004 -1.000000 0.000013 -0.000008 -1.000000 0.000013 -0.000003 -1.000000 0.000012 0.000002 1.000000 0.000015 -0.000008 1.000000 0.000023 -0.000022 1.000000 0.000016 -0.000009 1.000000 0.000008 0.000005 1.000000 0.000000 0.000000 1.000000 0.000000 0.000000 1.000000 0.000000 0.000000 1.000000 0.000000 0.000000 1.000000 -0.000002 -0.000006 1.000000 -0.000010 0.000004 1.000000 -0.000014 -0.000006 1.000000 -0.000003 -0.000007 -1.000000 0.000002 0.000000 -1.000000 0.000002 0.000000 -1.000000 0.000002 -0.000000 -1.000000 0.000002 -0.000000 1.000000 0.000000 0.000000 1.000000 0.000000 0.000000 1.000000 0.000000 0.000000 1.000000 0.000000 0.000000 0.000000 -0.000055 -1.000000 0.000000 -0.000059 -1.000000 0.000000 -0.000024 -1.000000 -1.000000 0.000106 0.000001 -1.000000 0.000135 0.000049 -1.000000 0.000106 0.000001 -1.000000 0.000078 -0.000046 -1.000000 0.000000 0.000000 -1.000000 0.000000 0.000000 -1.000000 0.000000 0.000000 -1.000000 0.000000 0.000000 1.000000 0.000000 0.000000 1.000000 0.000000 0.000000 1.000000 0.000000 0.000000 1.000000 0.000000 0.000000 1.000000 0.000000 0.000000 1.000000 0.000000 0.000000 1.000000 0.000000 0.000000 1.000000 0.000000 0.000000 0.000000 0.000030 -1.000000 -1.000000 0.000000 0.000000 -1.000000 0.000000 0.000000 -1.000000 0.000000 0.000000 -1.000000 0.000000 0.000000 1.000000 0.000000 0.000000 1.000000 0.000000 0.000000 
						1.000000 0.000000 0.000000 1.000000 0.000000 0.000000 0.000000 0.000054 -1.000000 0.000000 -0.000004 -1.000000 1.000000 0.000113 0.000190 1.000000 0.000000 0.000000 1.000000 0.000098 0.000166 1.000000 0.000211 0.000356 -1.000000 0.000000 0.000000 -1.000000 0.000000 0.000000 -1.000000 0.000000 0.000000 -1.000000 0.000000 0.000000 -0.000000 0.000018 -1.000000 1.000000 -0.000002 0.000004 1.000000 -0.000010 -0.000004 1.000000 -0.000013 0.000003 1.000000 -0.000002 0.000005 1.000000 0.000008 -0.000006 1.000000 -0.000034 0.000016 1.000000 -0.000023 0.000008 1.000000 0.000009 -0.000006 -0.000000 0.000024 -1.000000 -1.000000 0.000000 0.000000 -1.000000 0.000000 0.000000 -1.000000 0.000000 0.000000 -1.000000 0.000000 0.000000 -1.000000 0.000000 0.000000 -1.000000 0.000000 0.000000 -1.000000 0.000000 0.000000 -1.000000 0.000000 0.000000 -1.000000 0.000000 0.000000 -1.000000 0.000000 0.000000 -1.000000 0.000000 0.000000 -1.000000 0.000000 0.000000 -0.895678 -0.444703 -0.000000 -0.893981 -0.448105 -0.000000 -0.895576 -0.444909 -0.000000 -0.897270 -0.441483 -0.000000 -0.994792 -0.101931 -0.000005 -0.994872 -0.101147 -0.000005 -0.994787 -0.101971 -0.000005 -0.994704 -0.102777 -0.000005 -0.897661 -0.440686 -0.000000 -0.895803 -0.444452 -0.000000 -0.897542 -0.440929 -0.000000 -0.899395 -0.437136 -0.000000 -0.971733 -0.236083 0.000002 -0.971917 -0.235323 0.000002 -0.971727 -0.236106 0.000002 -0.971538 -0.236883 0.000002 -0.899278 -0.437378 -0.000001 -0.897223 -0.441577 -0.000001 -0.899146 -0.437649 -0.000001 -0.901194 -0.433416 -0.000001 -0.949300 -0.314371 -0.000002 -0.949124 -0.314902 -0.000002 -0.949302 -0.314365 -0.000002 -0.949481 -0.313825 -0.000002 -0.901069 -0.433675 -0.000002 -0.899087 -0.437771 -0.000002 -0.900949 -0.433926 -0.000002 -0.902926 -0.429796 -0.000002 -0.932277 -0.361746 0.000002 -0.931561 -0.363585 0.000002 
						-0.932272 -0.361758 0.000002 -0.932994 -0.359891 0.000002 -1.000000 0.000000 0.000000 -1.000000 -0.000015 -0.000029 -1.000000 -0.000097 -0.000186 -1.000000 -0.000114 -0.000215 0.000000 0.000000 -1.000000 0.000000 0.000000 -1.000000 0.000074 -0.000009 -1.000000 0.000075 -0.000009 -1.000000 -0.903497 -0.428594 -0.000000 -0.901506 -0.432767 -0.000000 -0.903389 -0.428823 -0.000000 -0.905375 -0.424612 -0.000000 -0.920534 -0.390664 -0.000003 -0.919349 -0.393444 -0.000003 -0.920508 -0.390724 -0.000003 -0.921698 -0.387908 -0.000003 -0.907051 -0.421021 -0.000002 -0.905287 -0.424800 -0.000002 -0.906970 -0.421195 -0.000002 -0.908733 -0.417378 -0.000002 -0.912447 -0.409195 -0.000005 -0.910902 -0.412622 -0.000005 -0.912393 -0.409315 -0.000005 -0.913940 -0.405849 -0.000005 0.000000 0.000000 -1.000000 0.000000 0.000000 -1.000000 0.000075 -0.000020 -1.000000 0.000107 -0.000029 -1.000000 0.000000 0.000000 -1.000000 0.000000 0.000000 -1.000000 0.000118 -0.000049 -1.000000 0.000115 -0.000048 -1.000000 0.000000 0.000000 -1.000000 0.000000 0.000000 -1.000000 0.000105 -0.000059 -1.000000 0.000106 -0.000060 -1.000000 0.000000 0.000000 -1.000000 0.000025 -0.000033 -1.000000 0.000117 -0.000089 -1.000000 0.000113 -0.000087 -1.000000 0.000039 -0.000039 -1.000000 0.000098 -0.000098 -1.000000 -1.000000 0.000000 0.000000 -1.000000 -0.000144 0.000128 -1.000000 -0.000032 0.000027 0.000000 0.000100 -1.000000 -0.000000 0.000017 -1.000000 0.000000 0.000041 -1.000000 0.000000 -0.000018 -1.000000 0.000000 0.000014 -1.000000 0.000000 0.000071 -1.000000 0.000000 -0.000013 -1.000000 0.000000 0.000001 -1.000000 -0.000000 0.000021 -1.000000 0.000000 0.000024 -1.000000 0.000000 0.000526 -1.000000 0.000000 -0.000009 -1.000000 -0.000000 0.000004 -1.000000 -0.000000 0.000071 -1.000000 0.000000 -0.000046 -1.000000 0.000000 -0.000003 -1.000000 0.000000 0.000007 -1.000000 
						0.000000 0.000812 -1.000000 0.000000 -0.000082 -1.000000 0.000000 0.000081 -1.000000 -0.000000 -0.000026 -1.000000 0.000000 -0.000009 -1.000000 0.000000 0.000005 -1.000000 0.000000 0.000000 -1.000000 -0.974775 -0.000000 -0.223189 -0.999695 0.000000 0.024680 -0.999695 0.000000 0.024680 -1.000000 0.000000 0.000018 -1.000000 0.000000 0.000053 -1.000000 0.000000 0.000102 -1.000000 0.000000 0.000084 -1.000000 0.000000 -0.000250 -0.974772 0.000000 -0.223202 -0.974772 0.000000 -0.223202 -0.308496 0.000000 -0.951226 -0.309908 0.000000 -0.950767 -0.309909 0.000000 -0.950766 -0.702380 -0.000000 -0.711802 -0.702380 0.000000 -0.711802 -0.702380 0.000000 -0.711802 -0.702380 -0.000000 -0.711802 0.000071 0.000000 -1.000000 0.000072 0.000000 -1.000000 0.002429 -0.000019 0.999997 0.023922 0.000001 0.999714 -1.000000 0.000000 0.000000 -1.000000 0.000000 0.000000 -1.000000 0.000000 0.000000 -1.000000 0.000000 0.000000 -0.000071 0.000000 1.000000 -0.000072 0.000000 1.000000 -0.309909 0.000000 0.950766 -0.309909 0.000000 0.950766 -0.974774 -0.000000 0.223196 -0.974774 -0.000000 0.223196 -0.702415 0.000000 0.711768 -0.702415 -0.000000 0.711768 -0.702415 -0.000000 0.711768 -0.702415 0.000000 0.711768 -0.251858 -0.000002 0.967764 -0.000033 0.000001 1.000000 0.179714 -0.000003 0.983719 0.163183 -0.000002 0.986596 0.261659 0.000005 0.965160 -0.029504 -0.000005 0.999565 0.000000 0.000000 -1.000000 0.000000 0.000000 -1.000000 0.000000 -0.000000 1.000000 0.000000 -0.000000 1.000000 0.000000 0.000000 -1.000000 0.000000 0.000000 -1.000000 0.000000 -0.000000 1.000000 0.000000 0.000000 1.000000 0.000000 0.000000 -1.000000 0.000000 0.000000 -1.000000 0.000000 0.000000 1.000000 0.000000 0.000000 1.000000 -0.895683 -0.444694 0.000002 -0.893989 -0.448088 0.000002 -0.895581 -0.444899 0.000002 -0.897271 -0.441481 0.000002 
						-0.994820 -0.101650 0.000002 -0.994927 -0.100596 0.000002 -0.994815 -0.101704 0.000002 -0.994703 -0.102787 0.000002 0.000000 0.000000 -1.000000 0.000000 0.000000 -1.000000 0.000000 0.000000 1.000000 0.000000 0.000000 1.000000 0.000000 0.000000 1.000000 0.000000 0.000000 1.000000 0.000000 0.000000 -1.000000 0.000026 -0.000034 -1.000000 0.000000 0.000000 1.000000 0.000000 0.000000 1.000000 0.000010 -0.000010 -1.000000 0.000070 -0.000070 -1.000000 -0.897663 -0.440683 0.000005 -0.895798 -0.444462 0.000005 -0.897543 -0.440927 0.000005 -0.899403 -0.437121 0.000005 -0.971628 -0.236514 -0.000000 -0.971798 -0.235816 -0.000001 -0.971623 -0.236535 -0.000000 -0.971449 -0.237248 -0.000000 -0.899369 -0.437190 0.000004 -0.897376 -0.441266 0.000004 -0.899241 -0.437453 0.000004 -0.901228 -0.433345 0.000005 -0.949287 -0.314410 -0.000002 -0.949101 -0.314973 -0.000002 -0.949289 -0.314404 -0.000002 -0.949479 -0.313831 -0.000002 -0.902983 -0.429677 0.000001 -0.901527 -0.432722 0.000001 -0.900993 -0.433834 0.000001 -0.903030 -0.429578 0.000001 -0.932285 -0.361725 -0.000000 -0.931565 -0.363575 -0.000000 -0.932280 -0.361737 -0.000000 -0.933006 -0.359860 -0.000000 -0.905975 -0.423332 0.000001 -0.904419 -0.426645 0.000001 -0.920423 -0.390924 -0.000002 -0.919285 -0.393594 -0.000002 -0.920398 -0.390982 -0.000002 -0.921542 -0.388279 -0.000002 -0.910548 -0.413404 0.000001 -0.908797 -0.417239 0.000001 -0.912392 -0.409317 0.000001 -0.910796 -0.412857 0.000001 0.000000 -0.000835 -1.000000 0.000000 -0.000097 -1.000000 0.000000 0.000353 -1.000000 0.000000 -0.000240 -1.000000 0.000000 0.000587 -1.000000 0.000000 0.000138 -1.000000 -0.000474 0.000828 -1.000000 -0.000173 -0.000141 -1.000000 0.000190 0.000381 -1.000000 0.000000 0.002019 -0.999998 0.000000 0.000444 -1.000000 1.000000 0.000220 -0.000000 1.000000 0.000290 -0.000000 1.000000 -0.000164 0.000000 
						1.000000 -0.000235 0.000000 1.000000 0.000000 0.000000 1.000000 0.000000 0.000000 1.000000 0.000000 0.000000 1.000000 0.000000 0.000000 1.000000 -0.000109 -0.000002 1.000000 -0.000176 -0.000002 1.000000 0.000051 -0.000002 1.000000 0.000119 -0.000002 1.000000 0.000034 0.000004 1.000000 0.000041 0.000004 1.000000 0.000017 0.000004 1.000000 0.000009 0.000004 1.000000 -0.000148 -0.000004 1.000000 -0.000201 -0.000004 1.000000 0.000100 -0.000004 1.000000 0.000153 -0.000004 1.000000 0.000102 0.000000 1.000000 0.000099 0.000000 1.000000 0.000112 0.000000 1.000000 0.000116 0.000000 1.000000 -0.000045 0.000000 1.000000 0.000033 0.000000 1.000000 -0.000071 0.000000 1.000000 -0.000053 0.000000 1.000000 -0.000173 -0.000001 1.000000 -0.000164 -0.000001 1.000000 -0.000195 -0.000001 1.000000 -0.000204 -0.000001 1.000000 0.000099 0.000000 1.000000 0.000023 0.000000 1.000000 0.000164 0.000000 1.000000 0.000145 0.000000 1.000000 0.000131 0.000000 1.000000 0.000140 0.000000 1.000000 -0.000219 0.000000 1.000000 -0.000177 0.000000 1.000000 -0.000046 0.000000 1.000000 -0.000035 0.000000 1.000000 0.000156 0.000000 1.000000 0.000241 0.000000 1.000000 0.000300 0.000000 1.000000 0.000387 0.000000 1.000000 -0.000396 -0.000001 1.000000 -0.000550 -0.000001 1.000000 0.000021 -0.000001 1.000000 0.000178 -0.000001 1.000000 0.000177 -0.000001 1.000000 0.000326 -0.000001 1.000000 -0.000223 -0.000001 1.000000 -0.000372 -0.000001 1.000000 0.000352 0.000000 1.000000 0.000617 0.000000 1.000000 -0.000310 0.000000 1.000000 -0.000580 0.000000 1.000000 -0.000515 0.000001 1.000000 -0.000613 0.000001 1.000000 -0.000065 0.000001 1.000000 0.000063 0.000001 1.000000 0.000165 -0.000001 1.000000 -0.000014 -0.000001 1.000000 0.000584 -0.000001 1.000000 0.000766 -0.000001 1.000000 0.000346 0.000001 
						1.000000 0.000390 0.000001 1.000000 -0.000371 0.000000 1.000000 -0.000454 0.000000 1.000000 -0.000185 0.000000 1.000000 -0.000101 0.000000 1.000000 0.000358 -0.000001 1.000000 0.000383 -0.000001 1.000000 0.000273 -0.000001 1.000000 0.000248 -0.000001 1.000000 -0.000262 0.000001 1.000000 -0.000212 0.000001 1.000000 -0.000369 0.000001 1.000000 -0.000419 0.000001 1.000000 0.000383 0.000000 1.000000 0.000383 0.000000 1.000000 0.000381 0.000000 1.000000 0.000381 0.000000 1.000000 -0.000299 0.000000 1.000000 -0.000341 0.000000 1.000000 -0.000383 0.000000 1.000000 -0.000384 0.000000 1.000000 0.000258 -0.000001 1.000000 0.000258 -0.000001 1.000000 -0.000157 -0.000001 1.000000 -0.000158 -0.000001 1.000000 0.000156 0.000000 1.000000 0.000157 0.000000 1.000000 -0.000066 -0.000007 1.000000 -0.000066 -0.000007 1.000000 -0.000067 -0.000007 1.000000 -0.000068 -0.000007 1.000000 0.000067 0.000007 1.000000 0.000067 0.000007 1.000000 0.000066 0.000007 1.000000 0.000066 0.000007 1.000000 -0.000194 -0.000009 1.000000 -0.000119 -0.000009 1.000000 -0.000354 -0.000009 1.000000 -0.000431 -0.000009 1.000000 0.000338 0.000015 1.000000 0.000376 0.000015 1.000000 0.000210 0.000015 1.000000 0.000172 0.000015 1.000000 -0.000357 -0.000006 1.000000 -0.000444 -0.000006 1.000000 -0.000162 -0.000006 1.000000 -0.000074 -0.000006 1.000000 0.000188 0.000015 1.000000 0.000142 0.000015 1.000000 0.000331 0.000015 1.000000 0.000378 0.000015 1.000000 -0.000084 -0.000013 1.000000 -0.000013 -0.000013 1.000000 -0.000252 -0.000013 1.000000 -0.000325 -0.000013 1.000000 0.000224 0.000013 1.000000 0.000263 0.000013 1.000000 0.000112 0.000013 1.000000 0.000072 0.000013 1.000000 -0.000424 -0.000012 1.000000 -0.000383 -0.000012 1.000000 -0.000529 -0.000012 1.000000 -0.000571 -0.000012 1.000000 0.000508 0.000012 
						1.000000 0.000531 0.000012 1.000000 0.000445 0.000012 1.000000 0.000421 0.000012 1.000000 -0.000160 -0.000007 1.000000 -0.000310 -0.000007 1.000000 0.000244 -0.000007 1.000000 0.000398 -0.000007 1.000000 -0.000149 0.000007 1.000000 -0.000233 0.000007 1.000000 0.000067 0.000007 1.000000 0.000151 0.000007 1.000000 0.000102 0.000000 1.000000 -0.000004 0.000000 1.000000 0.000469 0.000000 1.000000 0.000472 0.000000 1.000000 -0.000327 0.000001 1.000000 -0.000384 0.000001 1.000000 -0.000185 0.000001 1.000000 -0.000127 0.000001 1.000000 0.000069 0.000000 1.000000 -0.000005 0.000000 1.000000 -0.000192 0.000003 1.000000 -0.000137 0.000003 1.000000 -0.000324 0.000003 1.000000 -0.000378 0.000003 1.000000 -0.000149 0.000000 1.000000 -0.000164 0.000000 1.000000 0.000076 0.000007 1.000000 0.000092 0.000007 1.000000 0.000037 0.000007 1.000000 0.000021 0.000007 1.000000 -0.000009 0.000000 1.000000 0.000034 0.000000 1.000000 0.000104 0.000006 1.000000 0.000099 0.000006 1.000000 0.000117 0.000006 1.000000 0.000123 0.000006 1.000000 -0.000072 0.000000 1.000000 -0.000074 0.000000 1.000000 -0.000011 0.000003 1.000000 -0.000015 0.000003 1.000000 -0.000003 0.000003 1.000000 0.000001 0.000003 1.000000 0.000143 0.000000 1.000000 0.000182 0.000000 1.000000 0.000000 0.000000 1.000000 0.000000 0.000000 1.000000 0.000000 0.000000 1.000000 0.000000 0.000000 1.000000 0.000009 0.000002 1.000000 0.000046 0.000002 1.000000 -0.000080 0.000002 1.000000 -0.000118 0.000002 1.000000 0.000014 0.000008 1.000000 0.000017 0.000016 1.000000 0.000000 0.000000 1.000000 0.000000 0.000000 1.000000 0.000000 0.000000 1.000000 0.000000 0.000000 1.000000 0.000012 -0.000002 1.000000 0.000003 0.000004 1.000000 0.000012 -0.000004 1.000000 0.000015 -0.000010 
					</float_array>
					<technique_common>
						<accessor count="1471" offset="0" source="#meshId0-tangents-array" stride="3">
							<param name="X" type="float" />
							<param name="Y" type="float" />
							<param name="Z" type="float" />
						</accessor>
					</technique_common>
				</source>
				<source id="meshId0-bitangents" name="meshId0-bitangents">
					<float_array id="meshId0-bitangents-array" count="4413"> 
						0.000000 1.000000 -0.000681 0.000000 1.000000 -0.000025 0.000000 1.000000 -0.000077 0.000000 1.000000 0.000677 0.000000 -0.549890 0.835237 0.000000 -0.549890 0.835237 0.000000 -0.355911 0.934520 0.000000 -0.355911 0.934520 0.000000 0.356948 0.934124 0.000000 0.356948 0.934124 0.000000 0.549894 0.835234 0.000000 0.549894 0.835234 0.000000 0.717920 0.696126 0.000000 0.717920 0.696126 0.000000 0.983159 0.182752 0.000000 0.983159 0.182752 0.000000 0.999964 0.008491 0.000000 0.999964 0.008491 0.000000 0.999964 -0.008491 0.000000 0.999964 -0.008491 0.000000 0.983158 -0.182757 0.000000 0.983158 -0.182757 0.000000 0.720024 -0.693949 0.000000 0.720024 -0.693949 0.000000 0.549900 -0.835231 0.000000 0.549900 -0.835231 0.000000 0.355912 -0.934519 0.000000 0.355912 -0.934519 0.000000 -0.355911 -0.934520 0.000000 -0.355911 -0.934520 0.000000 -0.549895 -0.835234 0.000000 -0.549895 -0.835234 0.000000 -0.720018 -0.693956 0.000000 -0.720018 -0.693956 0.000000 -0.983160 -0.182748 0.000000 -0.983160 -0.182748 0.000000 -0.999964 -0.008491 0.000000 -0.999964 -0.008491 0.000000 -0.999964 0.008491 0.000000 -0.999964 0.008491 0.000000 -0.983161 0.182742 0.000000 -0.983161 0.182742 0.000000 -0.720010 0.693964 0.000000 -0.720010 0.693964 0.000000 1.000000 -0.000610 0.000000 1.000000 0.000006 0.000000 1.000000 0.000020 0.000000 1.000000 0.000747 0.000000 1.000000 0.000078 0.000000 1.000000 0.000085 0.000000 1.000000 0.000026 0.000000 1.000000 -0.000001 0.000000 1.000000 -0.000079 0.000000 1.000000 -0.000067 0.000000 0.000000 1.000000 0.000000 0.000000 1.000000 0.000000 0.000000 1.000000 0.000000 0.000000 1.000000 0.000000 0.000000 -1.000000 0.000000 0.000000 -1.000000 0.000000 0.000000 -1.000000 0.000000 0.000000 -1.000000 0.000000 0.000770 1.000000 0.000000 -0.001076 0.999999 
						-0.000344 -0.001284 0.999999 0.000573 0.002138 0.999998 0.000943 0.000943 0.999999 -0.001566 -0.001566 0.999998 -0.000667 -0.000385 1.000000 0.000934 0.000539 0.999999 0.000994 -0.000574 0.999999 -0.000608 0.000351 1.000000 0.001036 -0.001036 0.999999 -0.001472 0.001472 0.999998 -0.000378 0.001411 0.999999 0.000539 -0.002010 0.999998 0.000000 -0.000702 1.000000 0.000000 0.001145 0.999999 0.000000 0.000000 -1.000000 0.000000 0.000000 -1.000000 0.000000 0.000000 -1.000000 0.000000 0.000000 -1.000000 0.000000 0.000000 1.000000 0.000000 0.000000 1.000000 0.000000 0.000000 1.000000 0.000000 0.000000 1.000000 0.000000 0.000000 -1.000000 0.000000 0.000000 -1.000000 0.000000 0.000000 -1.000000 0.000000 0.000000 -1.000000 0.000005 1.000000 0.000000 0.000010 1.000000 0.000000 -0.000023 1.000000 0.000000 -0.000005 1.000000 0.000000 0.000007 1.000000 0.000000 0.000001 1.000000 0.000000 -0.000000 1.000000 0.000000 0.000000 1.000000 0.000000 -0.000001 1.000000 0.000000 -0.000003 1.000000 0.000000 -0.000006 1.000000 0.000000 0.000004 1.000000 0.000000 0.000024 1.000000 0.000000 0.000041 1.000000 0.000000 -0.142942 0.307988 -0.940591 0.130053 0.307913 -0.942484 0.121386 0.307826 -0.943668 -0.143107 0.307981 -0.940568 -0.042318 0.839440 -0.541802 0.037090 0.839536 -0.542036 -0.000000 0.999950 -0.009992 -0.003273 0.999945 -0.009990 -0.011086 0.999889 0.009997 0.002772 0.999946 0.009993 -0.038984 0.839513 0.541939 0.027027 0.839667 0.542429 0.111754 0.307717 0.944892 -0.139512 0.307971 0.941111 -0.139481 0.307980 0.941113 0.120215 0.307828 0.943817 0.015693 0.999877 0.000662 -0.022694 0.999742 -0.000732 -0.004827 0.999347 -0.035802 0.010300 0.999173 0.039338 -0.025886 0.996181 0.083386 0.018108 0.994052 -0.107387 0.026923 0.996405 -0.080328 -0.017831 0.993949 0.108388 
						0.026331 0.996271 0.082164 -0.016816 0.993621 -0.111511 -0.024930 0.995953 -0.086346 0.017494 0.993857 0.109277 -0.006540 0.999297 0.036909 0.013970 0.999032 -0.041707 0.026969 0.999636 -0.000774 -0.026316 0.999653 0.000768 -0.026476 0.999642 0.003841 -0.042070 0.999112 0.002324 0.036688 0.999324 -0.002304 0.012481 0.999915 -0.003812 -0.022138 0.999748 -0.003832 -0.046967 0.998894 -0.002342 0.034817 0.999391 0.002297 0.022232 0.999746 0.003832 -0.373113 0.509501 -0.775368 -0.380970 0.511868 -0.769969 -0.104529 0.885091 -0.453528 -0.367419 0.507709 0.779253 -0.375543 0.510191 0.773739 -0.095957 0.884766 0.456050 0.335029 0.850041 -0.406430 0.312666 0.838175 -0.446882 0.075039 0.962245 -0.261638 0.334293 0.849674 0.407802 0.311851 0.837712 0.448316 0.075840 0.962297 0.261216 0.379291 0.511431 -0.771088 0.353386 0.503097 -0.788677 0.102870 0.885033 -0.454019 -0.310707 0.836930 -0.450566 -0.325314 0.845143 -0.424151 -0.072822 0.962096 -0.262810 -0.310990 0.837097 0.450061 -0.325804 0.845407 0.423248 -0.072379 0.962065 0.263045 0.369782 0.508461 0.777643 0.343707 0.499926 0.794946 0.092850 0.884632 0.456951 0.000000 0.000000 1.000000 0.000000 0.000000 1.000000 0.000000 0.000000 1.000000 0.000000 0.000000 1.000000 0.000000 0.000000 1.000000 0.000000 0.000000 1.000000 0.000000 0.000000 1.000000 0.000000 0.000000 1.000000 0.000000 0.000000 1.000000 0.000000 0.000000 1.000000 0.000000 0.000000 1.000000 0.000000 0.000000 1.000000 0.000000 0.000000 1.000000 0.000000 0.000000 1.000000 0.000000 0.000000 1.000000 0.000000 0.000000 1.000000 0.000000 0.000000 1.000000 0.000000 0.000000 1.000000 0.000000 0.000000 1.000000 0.000000 0.000000 1.000000 0.000000 0.000000 1.000000 0.000000 0.000000 1.000000 0.000000 0.000000 1.000000 0.000000 0.000000 1.000000 
						0.000000 0.000000 1.000000 0.000000 0.000000 1.000000 0.000000 0.000000 1.000000 0.000000 0.000000 1.000000 0.000000 0.000000 1.000000 0.000000 0.000000 1.000000 0.000000 0.000000 1.000000 0.000000 0.000000 1.000000 0.000000 0.000000 1.000000 0.000000 0.000000 1.000000 0.000000 0.000000 1.000000 0.000000 0.000000 1.000000 0.000000 0.000000 1.000000 0.000000 0.000000 1.000000 0.000000 0.000000 1.000000 0.000000 0.000000 1.000000 0.000000 0.000000 1.000000 0.000000 0.000000 1.000000 0.493171 0.869933 0.000000 0.675556 0.737309 0.000000 0.659317 0.751865 0.000000 0.432244 0.901757 0.000000 0.493677 0.869645 0.000000 0.307823 0.951444 0.000000 0.264410 0.964410 0.000000 0.160185 0.987087 0.000000 0.005080 0.999987 0.000000 0.003039 0.999995 0.000000 -0.255576 0.966789 0.000000 -0.153880 0.988090 0.000000 -0.489366 0.872079 0.000000 -0.300413 0.953809 0.000000 -0.666796 0.745240 0.000000 -0.419963 0.907541 0.000000 -0.731089 0.682282 0.000000 -0.430242 0.902713 0.000000 -0.082497 0.996591 0.000000 0.007383 0.999973 0.000000 0.675536 0.737327 0.000000 0.433150 0.901322 0.000000 0.659316 0.751866 0.000000 0.379398 0.925233 0.000000 0.493672 0.869648 0.000000 0.267198 0.963642 0.000000 0.264403 0.964412 0.000000 0.137981 0.990435 0.000000 0.005083 0.999987 0.000000 0.003040 0.999995 0.000000 -0.255573 0.966790 0.000000 -0.131687 0.991291 0.000000 -0.489366 0.872079 0.000000 -0.259839 0.965652 0.000000 -0.666793 0.745243 0.000000 -0.367173 0.930153 0.000000 -0.731080 0.682292 0.000000 -0.367561 0.929999 0.000000 -0.082497 0.996591 0.000000 0.080910 0.996721 0.000000 -0.000000 1.000000 0.000000 0.000000 0.000000 1.000000 0.000000 0.000000 1.000000 0.000000 0.000000 1.000000 0.000000 0.000000 1.000000 0.000000 0.000000 1.000000 
						0.000000 0.000000 1.000000 0.000000 0.000000 1.000000 0.000000 0.000000 1.000000 0.000000 0.000000 1.000000 0.000000 0.000000 1.000000 0.000000 0.000000 1.000000 0.000000 0.000000 1.000000 0.000000 0.000000 1.000000 0.000000 0.000000 1.000000 0.000000 0.000000 1.000000 0.000000 0.000000 1.000000 0.000000 0.000000 1.000000 0.000000 0.000000 1.000000 0.000000 0.000000 1.000000 0.000000 0.000000 1.000000 0.000000 0.000000 1.000000 0.000000 0.000000 1.000000 0.000000 0.000000 1.000000 0.000000 0.000000 1.000000 0.000000 0.000000 1.000000 0.000000 0.000000 1.000000 0.000000 0.000000 1.000000 0.000000 0.000000 1.000000 0.000000 0.000000 1.000000 0.000000 0.000000 1.000000 0.000000 0.000000 1.000000 0.000000 0.000000 1.000000 0.000000 0.000000 1.000000 0.000000 0.000000 1.000000 0.000000 0.000000 1.000000 0.000000 0.000000 1.000000 0.000000 0.000000 1.000000 0.000000 0.000000 1.000000 0.000000 0.000000 1.000000 0.000000 0.000000 1.000000 0.000000 0.000000 1.000000 0.000000 0.000000 1.000000 0.493173 0.869932 0.000000 0.675554 0.737311 0.000000 0.659318 0.751864 0.000000 0.432243 0.901757 0.000000 0.493669 0.869650 0.000000 0.307821 0.951444 0.000000 0.264417 0.964409 0.000000 0.160194 0.987086 0.000000 0.005078 0.999987 0.000000 0.003037 0.999995 0.000000 -0.255578 0.966788 0.000000 -0.153880 0.988089 0.000000 -0.489368 0.872077 0.000000 -0.300418 0.953808 0.000000 -0.666794 0.745242 0.000000 -0.419960 0.907543 0.000000 -0.731089 0.682282 0.000000 -0.430244 0.902713 0.000000 -0.082496 0.996591 0.000000 0.007381 0.999973 0.000000 0.675536 0.737327 0.000000 0.433153 0.901320 0.000000 0.659316 0.751866 0.000000 0.379393 0.925236 0.000000 0.493670 0.869649 0.000000 0.267194 0.963643 0.000000 0.264415 0.964409 0.000000 
						0.137986 0.990434 0.000000 0.005081 0.999987 0.000000 0.003039 0.999995 0.000000 -0.255575 0.966789 0.000000 -0.131690 0.991291 0.000000 -0.489365 0.872079 0.000000 -0.259838 0.965652 0.000000 -0.666793 0.745243 0.000000 -0.367168 0.930155 0.000000 -0.731080 0.682291 0.000000 -0.367562 0.929999 0.000000 -0.082496 0.996591 0.000000 0.080909 0.996721 0.000000 -0.000000 1.000000 0.000000 0.000000 0.000000 1.000000 0.000000 0.000000 1.000000 0.000000 0.000000 1.000000 0.000000 0.000000 1.000000 0.000000 0.000000 1.000000 0.000000 0.000000 1.000000 0.000000 0.000000 1.000000 0.000000 0.000000 1.000000 0.000000 0.000000 1.000000 0.000000 0.000000 1.000000 0.000000 0.000000 1.000000 0.000000 0.000000 1.000000 0.000000 0.000000 1.000000 0.000000 0.000000 1.000000 0.000000 0.000000 1.000000 0.000000 0.000000 1.000000 0.000000 0.000000 1.000000 0.000000 0.000000 1.000000 0.000000 0.000000 1.000000 0.000000 0.000000 1.000000 0.000000 0.000000 1.000000 0.000000 0.000000 1.000000 0.000000 0.000000 1.000000 0.000000 0.000000 1.000000 0.000000 0.000000 1.000000 0.000000 0.000000 1.000000 0.000000 0.000000 1.000000 0.000000 0.000000 1.000000 0.000000 0.000000 1.000000 0.000000 0.000000 1.000000 0.000000 0.000000 1.000000 0.000000 0.000000 1.000000 0.000000 0.000000 1.000000 0.000000 0.000000 1.000000 0.000000 0.000000 1.000000 0.000000 0.000000 1.000000 0.000000 0.000000 1.000000 0.000000 0.000000 1.000000 0.000000 0.000000 1.000000 0.000000 0.000000 1.000000 0.000000 0.000000 1.000000 0.000000 0.000000 1.000000 0.493170 0.869933 0.000000 0.675545 0.737319 0.000000 0.659310 0.751871 0.000000 0.432245 0.901756 0.000000 0.493673 0.869648 0.000000 0.307825 0.951443 0.000000 0.264408 0.964411 0.000000 0.160189 0.987086 0.000000 
						0.005080 0.999987 0.000000 0.003039 0.999995 0.000000 -0.255579 0.966788 0.000000 -0.153880 0.988090 0.000000 -0.489364 0.872079 0.000000 -0.300416 0.953808 0.000000 -0.666792 0.745244 0.000000 -0.419964 0.907541 0.000000 -0.731082 0.682289 0.000000 -0.430240 0.902715 0.000000 -0.082496 0.996591 0.000000 0.007381 0.999973 0.000000 0.675555 0.737309 0.000000 0.433159 0.901318 0.000000 0.659319 0.751863 0.000000 0.379391 0.925237 0.000000 0.493673 0.869648 0.000000 0.267193 0.963643 0.000000 0.264417 0.964408 0.000000 0.137986 0.990434 0.000000 0.005079 0.999987 0.000000 0.003038 0.999995 0.000000 -0.255576 0.966789 0.000000 -0.131690 0.991291 0.000000 -0.489367 0.872078 0.000000 -0.259837 0.965652 0.000000 -0.666796 0.745240 0.000000 -0.367168 0.930155 0.000000 -0.731090 0.682281 0.000000 -0.367567 0.929997 0.000000 -0.082496 0.996592 0.000000 0.080909 0.996721 0.000000 -0.000000 1.000000 0.000000 0.000000 0.000000 1.000000 0.000000 0.000000 1.000000 0.000000 0.000000 1.000000 0.000000 0.000000 1.000000 0.000000 0.000000 1.000000 0.000000 0.000000 1.000000 0.000000 0.000000 1.000000 0.000000 0.000000 1.000000 0.000000 0.000000 1.000000 0.000000 0.000000 1.000000 0.000000 0.000000 1.000000 0.000000 0.000000 1.000000 0.000000 0.000000 1.000000 0.000000 0.000000 1.000000 0.000000 0.000000 1.000000 0.000000 0.000000 1.000000 0.000000 0.000000 1.000000 0.000000 0.000000 1.000000 0.000000 0.000000 1.000000 0.000000 0.000000 1.000000 0.000000 0.000000 1.000000 0.000000 0.000000 1.000000 0.000000 0.000000 1.000000 0.000000 0.000000 1.000000 0.000000 0.000000 1.000000 0.000000 0.000000 1.000000 0.000000 0.000000 1.000000 0.000000 0.000000 1.000000 0.000000 0.000000 1.000000 0.000000 0.000000 1.000000 0.000000 0.000000 1.000000 
						0.000000 0.000000 1.000000 0.000000 0.000000 1.000000 0.000000 0.000000 1.000000 0.000000 0.000000 1.000000 0.000000 0.000000 1.000000 0.000000 0.000000 1.000000 0.000000 0.000000 1.000000 0.000000 0.000000 1.000000 0.000000 0.000000 1.000000 0.031694 0.999498 0.000000 0.011956 0.999928 0.000000 -0.000000 1.000000 0.000000 -0.011956 0.999928 0.000000 -0.031694 0.999498 0.000000 -0.039994 0.999200 0.000000 -0.033027 0.999454 0.000000 -0.012771 0.999919 0.000000 0.012771 0.999919 0.000000 0.033027 0.999454 0.000000 0.039994 0.999200 0.000000 0.000000 0.000000 1.000000 0.000000 0.000000 1.000000 0.000000 0.000000 1.000000 0.000000 0.000000 1.000000 0.000000 0.000000 1.000000 0.000000 0.000000 1.000000 0.000000 0.000000 1.000000 0.000000 0.000000 1.000000 0.000000 0.000000 1.000000 0.000000 0.000000 1.000000 0.000000 0.000000 1.000000 0.000000 0.000000 1.000000 0.000000 0.000000 1.000000 0.000000 0.000000 1.000000 0.000000 0.000000 1.000000 0.000000 0.000000 1.000000 0.000000 0.000000 1.000000 0.000000 0.000000 1.000000 0.000000 0.000000 1.000000 0.000000 0.000000 1.000000 0.000000 0.000000 1.000000 0.000000 0.000000 1.000000 0.000000 0.000000 1.000000 0.000000 0.000000 1.000000 0.000000 0.000000 1.000000 0.000000 0.000000 1.000000 0.000000 0.000000 1.000000 0.000000 0.000000 1.000000 0.000000 0.000000 1.000000 0.000000 0.000000 1.000000 0.000000 0.000000 1.000000 0.000000 0.000000 1.000000 0.000000 0.000000 1.000000 0.000000 0.000000 1.000000 0.000000 0.000000 1.000000 0.000000 0.000000 1.000000 0.000000 0.000000 1.000000 0.000000 0.000000 1.000000 0.000000 0.000000 1.000000 0.000000 0.000000 1.000000 0.031692 0.999498 0.000000 0.011954 0.999929 0.000000 -0.000000 1.000000 0.000000 -0.011954 0.999929 0.000000 
						-0.031692 0.999498 0.000000 -0.039994 0.999200 0.000000 -0.033030 0.999454 0.000000 -0.012774 0.999918 0.000000 0.012774 0.999918 0.000000 0.033030 0.999454 0.000000 0.039994 0.999200 0.000000 0.000000 0.999898 -0.014295 0.000000 0.999898 0.014295 0.000000 0.999898 0.014295 0.000000 0.999898 -0.014295 0.000000 -0.999898 0.014294 0.000000 -0.999898 -0.014294 0.000000 -0.999898 -0.014294 0.000000 -0.999898 0.014294 0.000000 0.865558 0.500808 -0.000081 0.865558 0.500808 -0.000009 0.499893 0.866087 -0.000144 0.500030 0.866008 0.000006 -0.000339 1.000000 0.000000 -0.000339 1.000000 0.000000 0.000000 -1.000000 0.000000 0.000000 -1.000000 0.000000 0.499962 -0.866048 0.000000 0.499962 -0.866048 0.000000 0.866024 -0.500002 0.000000 0.866024 -0.500002 0.000000 -0.866024 -0.500002 0.000000 -0.866024 -0.500002 0.000000 -0.499959 -0.866049 0.000000 -0.499959 -0.866049 0.000000 0.000000 -1.000000 0.000000 0.000000 -1.000000 0.000000 -0.499959 0.866049 0.000000 -0.499959 0.866049 0.000000 -0.866024 0.500002 0.000000 -0.866024 0.500002 0.000000 1.000000 0.000000 0.000000 1.000000 0.000000 0.000000 1.000000 0.000000 0.000000 1.000000 0.000000 0.000002 1.000000 0.000000 -0.000002 1.000000 0.000000 -0.000002 1.000000 0.000000 0.000002 1.000000 0.000000 0.000000 1.000000 0.000000 0.000000 1.000000 0.000000 0.000000 1.000000 0.000000 0.000000 1.000000 0.000000 0.000000 1.000000 0.000000 0.000000 1.000000 0.000000 0.000000 0.999898 -0.014295 0.000000 0.999898 0.014295 0.000000 0.999898 0.014295 0.000000 0.999898 -0.014295 0.000000 -0.999898 0.014294 0.000000 -0.999898 -0.014294 0.000000 -0.999898 -0.014294 0.000000 -0.999898 0.014294 0.000000 0.865558 0.500808 -0.000079 0.865558 0.500808 -0.000008 0.499893 0.866087 -0.000141 0.500030 0.866008 0.000007 -0.000339 1.000000 
						0.000000 -0.000339 1.000000 0.000000 0.000000 -1.000000 0.000000 0.000000 -1.000000 0.000000 0.499962 -0.866048 0.000000 0.499962 -0.866048 0.000000 0.866024 -0.500002 0.000000 0.866024 -0.500002 0.000000 -0.866024 -0.500002 0.000000 -0.866024 -0.500002 0.000000 -0.499959 -0.866049 0.000000 -0.499959 -0.866049 0.000000 0.000000 -1.000000 0.000000 0.000000 -1.000000 0.000000 -0.499959 0.866049 0.000000 -0.499959 0.866049 0.000000 -0.866024 0.500002 0.000000 -0.866024 0.500002 0.000000 1.000000 0.000000 0.000000 1.000000 0.000000 0.000000 1.000000 0.000000 0.000000 1.000000 0.000000 0.000002 1.000000 0.000000 -0.000002 1.000000 0.000000 -0.000002 1.000000 0.000000 0.000002 1.000000 0.000000 0.000000 1.000000 0.000000 0.000000 1.000000 0.000000 0.000000 1.000000 0.000000 0.000000 1.000000 0.000000 0.000000 1.000000 0.000000 0.000000 1.000000 0.000000 0.000000 1.000000 0.000000 0.000000 1.000000 0.000000 0.000000 1.000000 0.000000 0.000000 1.000000 0.000000 0.000000 1.000000 0.000000 0.000000 1.000000 0.000000 0.000000 1.000000 0.000000 0.000000 1.000000 0.000000 0.000000 1.000000 0.000000 0.000000 1.000000 0.000000 0.000000 1.000000 0.000000 0.000000 1.000000 0.000000 0.000000 1.000000 0.000000 0.000000 1.000000 0.000000 0.000000 1.000000 0.000000 0.000000 1.000000 0.000000 0.000000 1.000000 0.000002 0.000000 1.000000 0.000002 0.000000 1.000000 -0.000002 0.000000 1.000000 -0.000002 0.000000 1.000000 0.000000 0.000000 1.000000 0.000000 0.000000 1.000000 0.000000 0.000000 1.000000 0.000000 0.000000 1.000000 0.000000 0.000000 1.000000 0.000000 0.000000 1.000000 0.000000 0.000000 1.000000 0.000000 0.000000 1.000000 0.000000 0.000000 1.000000 0.000000 0.000000 1.000000 0.000001 0.000000 1.000000 0.000001 0.000000 1.000000 0.000005 
						0.000000 1.000000 0.000005 0.000000 1.000000 -0.000007 0.000000 1.000000 -0.000007 0.000000 1.000000 0.000013 0.000000 1.000000 0.000013 0.000000 1.000000 -0.000039 0.000000 1.000000 -0.000039 0.000000 1.000000 -0.000001 0.000000 1.000000 -0.000001 0.000000 1.000000 -0.000004 0.000000 1.000000 -0.000004 0.000000 1.000000 0.000003 0.000000 1.000000 0.000003 0.000000 1.000000 -0.000005 0.000000 1.000000 -0.000005 0.000000 1.000000 0.000009 0.000000 1.000000 0.000009 0.000000 1.000000 -0.000013 0.000000 1.000000 -0.000013 0.000000 1.000000 0.000000 0.000000 1.000000 0.000000 0.000000 1.000000 0.000000 0.000000 1.000000 0.000000 0.000023 0.000000 -1.000000 -0.000019 -0.000000 -1.000000 0.000006 0.000000 -1.000000 -0.000001 -0.000000 -1.000000 0.000000 -1.000000 -0.000001 0.000000 -1.000000 -0.000001 0.000000 -1.000000 0.000000 0.000000 -1.000000 0.000000 -0.000001 1.000000 -0.000003 -0.999661 0.000000 0.026039 -0.999986 0.000000 0.005332 -0.999966 0.007920 -0.002415 -0.995052 0.000001 0.099355 -0.999965 -0.007952 0.002394 -0.999976 0.000000 0.006975 0.000000 1.000000 -0.000052 0.000000 1.000000 0.000026 0.000000 1.000000 0.000026 0.000000 1.000000 -0.000052 0.000002 1.000000 0.000002 0.000002 1.000000 0.000002 0.000000 1.000000 0.000000 0.000000 1.000000 0.000001 0.000000 1.000000 0.000001 0.000000 1.000000 0.000000 0.000000 1.000000 0.000000 0.000000 -1.000000 0.000000 0.000000 -1.000000 0.000000 0.000000 -1.000000 0.000000 0.000000 -1.000000 0.000000 0.000109 0.000000 -1.000000 -0.000250 -0.000000 -1.000000 0.000092 0.000000 -1.000000 0.000000 1.000000 0.000000 0.000000 1.000000 0.000000 0.000000 -1.000000 0.000000 0.000000 -1.000000 0.000000 -0.000000 -1.000000 -0.000000 -0.000000 -1.000000 -0.000000 0.000000 1.000000 0.000000 0.000000 1.000000 0.000000 
						-0.999966 -0.007895 -0.002411 -0.965094 -0.000002 -0.261904 -0.999703 -0.000000 -0.024359 0.000000 1.000000 0.000000 0.000000 1.000000 0.000000 0.000000 1.000000 0.000000 0.000000 1.000000 0.000000 -0.000001 1.000000 -0.000003 -0.000001 1.000000 -0.000003 -0.986634 -0.000000 -0.162949 0.000006 0.000000 -1.000000 0.000041 0.000000 -1.000000 0.000002 1.000000 0.000002 0.000002 1.000000 0.000002 -1.000000 -0.000000 -0.000101 0.000000 1.000000 0.000000 0.000000 1.000000 0.000000 0.000000 1.000000 0.000000 0.000000 1.000000 0.000000 -0.987237 0.000000 0.159259 -0.925038 -0.000002 0.379875 0.000000 1.000000 0.000000 0.000000 1.000000 0.000000 0.000000 1.000000 0.000000 0.000000 1.000000 0.000000 -0.954209 -0.000003 0.299141 0.000000 1.000000 0.000000 0.000000 1.000000 0.000000 0.000000 1.000000 0.000000 0.000000 1.000000 0.000000 0.000000 1.000000 0.000000 0.000000 1.000000 0.000000 0.148443 0.988921 -0.000002 0.193622 0.981076 -0.000002 0.101769 0.994808 -0.000002 0.103510 0.994628 -0.000002 0.236477 0.971637 -0.000002 0.232043 0.972705 -0.000002 -0.991445 -0.130525 -0.000000 -0.991445 -0.130525 0.000032 0.336359 0.941734 -0.000002 0.341205 0.939989 -0.000002 0.314497 0.949258 -0.000002 0.320625 0.947206 -0.000002 -0.965926 -0.258820 0.000044 -0.965926 -0.258820 0.000010 0.361792 0.932259 -0.000002 0.354431 0.935082 -0.000002 -0.923879 -0.382684 -0.000013 -0.923879 -0.382684 -0.000045 0.403345 0.915048 -0.000001 0.397553 0.917579 -0.000001 0.390880 0.920442 -0.000001 0.398429 0.917199 -0.000001 -0.866025 -0.500000 -0.000035 -0.866025 -0.500000 0.000001 0.409527 0.912298 -0.000001 0.401416 0.915896 -0.000001 -0.793353 -0.608762 0.000001 -0.793353 -0.608763 0.000001 0.421264 0.906938 -0.000000 0.413609 0.910454 -0.000000 0.420920 0.907098 -0.000000 0.428697 0.903448 -0.000000 
						-0.443078 0.896483 0.000000 -0.446011 0.895028 0.000000 0.440606 0.897701 -0.000000 0.447847 0.894110 -0.000000 -0.707107 -0.707107 0.000002 -0.707107 -0.707107 0.000000 0.428875 0.903364 -0.000000 0.421152 0.906990 -0.000000 0.428493 0.903545 -0.000000 0.436337 0.899783 -0.000000 0.608761 0.793353 0.000000 0.608761 0.793353 0.000000 0.707107 0.707107 0.000000 0.707107 0.707107 0.000000 -0.000726 -1.000000 -0.000000 0.000726 -1.000000 0.000000 0.000726 -1.000000 0.000000 -0.000726 -1.000000 -0.000000 0.439938 0.898028 -0.000000 0.430712 0.902489 -0.000000 0.433481 0.901163 -0.000000 0.440949 0.897532 -0.000000 0.500001 0.866025 0.000000 0.500001 0.866025 0.000000 0.437457 0.899240 -0.000000 0.430655 0.902517 -0.000000 0.382685 0.923879 0.000000 0.382685 0.923879 0.000000 0.447042 0.894513 0.000001 0.437949 0.899000 0.000001 0.440632 0.897688 0.000001 0.446826 0.894621 0.000001 0.258822 0.965925 0.000000 0.258822 0.965925 0.000000 0.444870 0.895595 0.000001 0.439500 0.898243 0.000001 0.130526 0.991445 0.000000 0.130526 0.991445 0.000000 0.003297 0.999995 -0.000001 0.003313 0.999995 0.000001 0.000001 1.000000 -0.000529 0.000001 1.000000 -0.000330 0.000000 1.000000 0.000032 0.000000 1.000000 -0.000014 -0.011714 0.999931 -0.000003 0.000000 1.000000 0.000050 0.000070 0.999999 0.001036 0.000028 1.000000 -0.000241 -0.009866 0.999951 0.000003 0.000092 1.000000 0.000001 -0.000001 1.000000 0.000236 -0.000001 1.000000 -0.001001 0.000000 1.000000 -0.000187 0.000000 1.000000 -0.000940 0.000000 1.000000 -0.000192 0.000000 0.999999 -0.001026 0.000000 1.000000 0.000000 0.000000 1.000000 0.000000 0.000000 1.000000 -0.000000 0.000000 1.000000 0.000028 0.000000 1.000000 0.000086 0.000000 1.000000 0.000057 0.000000 1.000000 0.000175 0.000000 1.000000 0.000034 
						0.000000 -0.715056 0.699067 0.000000 -0.715056 0.699067 0.000000 -0.869687 0.493604 0.000000 -0.869687 0.493604 0.000000 -0.263974 0.964530 0.000000 -0.263974 0.964530 0.000000 -0.263974 0.964530 0.000000 -0.263974 0.964530 0.000000 -0.999956 0.009413 0.000000 -0.999956 0.009413 0.000021 0.508332 0.861161 0.000000 0.508332 0.861161 0.000000 0.263508 0.964657 0.000000 0.263508 0.964657 0.001866 0.999954 0.009413 0.001871 0.999954 0.009413 0.001065 0.868954 0.494892 0.001086 0.868954 0.494892 0.444880 0.895590 0.000005 0.439481 0.898252 0.000005 0.444675 0.895692 0.000005 0.450131 0.892962 0.000005 0.440916 0.897549 -0.000006 0.434831 0.900512 -0.000006 0.440642 0.897683 -0.000006 0.446806 0.894631 -0.000006 -0.130528 -0.991445 -0.000000 -0.130528 -0.991445 -0.000000 0.437646 0.899147 0.000003 0.430640 0.902524 0.000003 0.430972 0.902365 0.000003 0.440209 0.897895 0.000003 -0.258823 -0.965925 -0.000000 -0.258823 -0.965925 -0.000000 -0.000002 -0.999956 -0.009413 -0.000002 -0.999956 -0.009413 0.433592 0.901109 0.000003 0.440846 0.897583 0.000003 -0.382686 -0.923878 -0.000000 -0.382686 -0.923878 0.000034 0.428880 0.903361 -0.000002 0.421141 0.906995 -0.000002 0.428497 0.903543 -0.000002 0.436358 0.899773 -0.000002 -0.443079 0.896483 -0.000000 -0.446010 0.895028 -0.000000 0.440625 0.897691 0.000000 0.447861 0.894103 0.000000 -0.499994 -0.866029 0.000048 -0.499994 -0.866029 0.000084 0.421267 0.906937 -0.000001 0.413632 0.910444 -0.000001 0.420923 0.907096 -0.000001 0.428680 0.903457 -0.000001 -0.608759 -0.793355 0.000093 -0.608760 -0.793355 0.000009 0.409397 0.912356 -0.000002 0.401547 0.915838 -0.000002 0.409108 0.912486 -0.000002 0.417080 0.908870 -0.000001 -0.000012 -0.869682 -0.493612 0.000000 -0.869682 -0.493612 0.000000 -0.869682 -0.493612 0.000000 -0.869682 -0.493612 
						-0.000000 -0.715049 -0.699075 -0.000000 -0.715049 -0.699075 -0.707109 -0.707105 -0.000014 -0.707109 -0.707105 -0.000140 0.390802 0.920475 0.000002 0.383042 0.923731 0.000002 0.390610 0.920556 0.000002 0.398488 0.917174 0.000002 -0.000104 0.930533 -0.366209 -0.000059 0.952254 -0.305307 0.000003 0.999956 -0.009414 -0.000002 0.999956 -0.009413 0.001921 0.263192 -0.964742 0.002221 0.263190 -0.964741 0.000302 0.263198 -0.964742 0.000000 0.263199 -0.964742 -0.793353 -0.608762 -0.000144 -0.793353 -0.608762 -0.000148 0.361818 0.932249 0.000002 0.354494 0.935058 0.000002 0.361760 0.932271 0.000002 0.369192 0.929353 0.000001 -0.866026 -0.500000 -0.000123 -0.866026 -0.500000 -0.000087 0.314376 0.949299 -0.000003 0.308674 0.951168 -0.000003 0.314459 0.949271 -0.000003 0.320242 0.947336 -0.000003 -0.923876 -0.382692 -0.000081 -0.923876 -0.382691 -0.000081 0.236044 0.971742 -0.000004 0.231237 0.972897 -0.000004 0.193561 0.981088 -0.000004 0.148622 0.988894 -0.000004 -0.965925 -0.258821 -0.000078 -0.965925 -0.258821 -0.000077 0.102020 0.994782 -0.000004 0.103314 0.994649 -0.000004 -0.991446 -0.130521 -0.000074 -0.991446 -0.130521 -0.000106 -0.999998 -0.001783 -0.000113 -0.999998 -0.001783 -0.000148 0.000000 1.000000 0.000375 0.000000 1.000000 -0.000095 0.000000 1.000000 -0.000125 0.000000 0.999999 -0.001631 0.000000 1.000000 0.000000 0.000000 1.000000 0.000000 0.000000 1.000000 0.000000 0.000000 1.000000 0.000000 0.000000 1.000000 0.000000 0.000000 1.000000 0.000000 0.000000 1.000000 -0.000001 0.000000 1.000000 -0.000001 0.000000 1.000000 -0.000001 0.000000 1.000000 -0.000001 0.000000 1.000000 0.000000 0.000000 1.000000 0.000000 0.000000 1.000000 0.000000 0.000000 1.000000 0.000000 0.000000 1.000000 0.000000 0.000000 1.000000 0.000000 -0.999998 0.001783 -0.000077 -0.999998 0.001783 -0.000073 
						0.000000 1.000000 0.000000 0.000000 1.000000 0.000000 0.000000 1.000000 0.000000 0.000000 1.000000 0.000000 0.000000 1.000000 0.000000 0.000000 1.000000 0.000000 0.000000 1.000000 0.000000 0.000000 1.000000 0.000000 0.000000 1.000000 0.000000 0.000000 1.000000 0.000000 0.000000 1.000000 0.000000 0.000000 1.000000 0.000000 0.000000 1.000000 0.000025 0.000000 1.000000 0.000084 -0.000006 -0.157191 0.987568 -0.000010 -0.157191 0.987568 -0.000005 -0.157191 0.987568 0.000000 -0.157191 0.987568 0.000014 -0.510808 0.859695 0.000031 -0.510808 0.859695 0.000016 -0.510808 0.859695 -0.000000 -0.510808 0.859695 0.000000 -0.911591 0.411098 0.000000 -0.911591 0.411098 0.000000 -0.911591 0.411098 0.000000 -0.911591 0.411098 0.000006 0.356932 0.934130 -0.000000 0.356938 0.934128 0.000011 0.356938 0.934128 0.000007 0.356932 0.934130 0.000000 0.157212 0.987565 0.000001 0.157212 0.987565 0.000000 0.157212 0.987565 0.000000 0.157212 0.987565 0.000000 0.823670 0.567070 0.000000 0.823670 0.567069 0.000000 0.823670 0.567069 0.000000 0.823670 0.567070 0.000000 1.000000 -0.000055 0.000000 1.000000 -0.000059 0.000000 1.000000 -0.000024 0.000055 0.508971 0.860784 0.000110 0.508971 0.860784 0.000055 0.508971 0.860784 0.000000 0.508971 0.860784 0.000000 0.911594 0.411092 0.000000 0.911594 0.411092 0.000000 0.911594 0.411092 0.000000 0.911594 0.411092 0.000000 -1.000000 0.000000 0.000000 -1.000000 0.000000 0.000000 -1.000000 0.000000 0.000000 -1.000000 0.000000 0.000000 1.000000 0.000000 0.000000 1.000000 0.000000 0.000000 1.000000 0.000000 0.000000 1.000000 0.000000 0.000000 1.000000 0.000030 0.000000 1.000000 0.000000 0.000000 1.000000 0.000000 0.000000 1.000000 0.000000 0.000000 1.000000 0.000000 0.000000 -0.911591 -0.411098 0.000000 -0.911591 -0.411098 
						0.000000 -0.911591 -0.411098 0.000000 -0.911591 -0.411098 0.000000 1.000000 0.000054 0.000000 1.000000 -0.000004 0.000221 -0.510808 -0.859695 0.000000 -0.510808 -0.859695 0.000193 -0.510808 -0.859695 0.000414 -0.510808 -0.859695 -0.000000 -0.157207 -0.987566 -0.000000 -0.157207 -0.987566 -0.000000 -0.157207 -0.987566 -0.000000 -0.157207 -0.987566 -0.000001 1.000000 0.000018 0.000004 0.366368 -0.930470 -0.000000 0.366360 -0.930473 0.000007 0.366360 -0.930473 0.000005 0.366368 -0.930470 -0.000010 0.826536 -0.562884 0.000037 0.826528 -0.562895 0.000023 0.826528 -0.562895 -0.000011 0.826536 -0.562884 -0.000002 1.000000 0.000024 0.000000 0.157203 -0.987566 0.000000 0.157203 -0.987566 0.000000 0.157203 -0.987566 0.000000 0.157203 -0.987566 0.000000 0.911590 -0.411101 0.000000 0.911590 -0.411101 0.000000 0.911590 -0.411101 0.000000 0.911590 -0.411101 0.000000 0.510798 -0.859701 0.000000 0.510798 -0.859701 0.000000 0.510798 -0.859701 0.000000 0.510798 -0.859701 -0.444703 0.895678 0.000005 -0.448105 0.893981 0.000005 -0.444909 0.895576 0.000005 -0.441483 0.897270 0.000005 -0.101931 0.994792 -0.000002 -0.101147 0.994872 -0.000002 -0.101971 0.994787 -0.000002 -0.102777 0.994704 -0.000003 -0.440686 0.897661 -0.000002 -0.444452 0.895803 -0.000002 -0.440929 0.897542 -0.000002 -0.437136 0.899395 -0.000002 -0.236083 0.971733 0.000007 -0.235323 0.971917 0.000007 -0.236106 0.971727 0.000007 -0.236883 0.971538 0.000007 -0.437378 0.899278 -0.000003 -0.441577 0.897223 -0.000003 -0.437649 0.899146 -0.000003 -0.433416 0.901194 -0.000003 -0.314371 0.949300 -0.000004 -0.314902 0.949124 -0.000004 -0.314365 0.949302 -0.000004 -0.313825 0.949481 -0.000004 -0.433675 0.901069 0.000000 -0.437771 0.899087 0.000000 -0.433926 0.900949 0.000000 -0.429796 0.902926 0.000000 -0.361746 0.932277 0.000002 -0.363585 0.931561 0.000002 
						-0.361758 0.932272 0.000002 -0.359891 0.932994 0.000002 -0.000000 -0.264002 -0.964522 0.000032 -0.263994 -0.964524 0.000205 -0.263952 -0.964536 0.000237 -0.263944 -0.964538 -0.130526 0.991445 0.000000 -0.130526 0.991445 0.000000 -0.991446 0.130521 -0.000075 -0.991446 0.130521 -0.000076 -0.428594 0.903497 0.000001 -0.432767 0.901506 0.000001 -0.428823 0.903389 0.000001 -0.424612 0.905375 0.000001 -0.390664 0.920534 0.000001 -0.393444 0.919349 0.000001 -0.390724 0.920508 0.000001 -0.387908 0.921698 0.000001 -0.421021 0.907051 0.000002 -0.424800 0.905287 0.000002 -0.421195 0.906970 0.000002 -0.417378 0.908733 0.000002 -0.409195 0.912447 0.000001 -0.412622 0.910902 0.000001 -0.409315 0.912393 0.000001 -0.405849 0.913940 0.000001 -0.258824 0.965925 0.000000 -0.258824 0.965925 0.000000 -0.965925 0.258821 -0.000078 -0.965925 0.258821 -0.000111 -0.382686 0.923878 0.000000 -0.382686 0.923878 0.000000 -0.923877 0.382691 -0.000127 -0.923877 0.382691 -0.000124 -0.500000 0.866026 0.000000 -0.500000 0.866026 0.000000 -0.866026 0.499998 -0.000120 -0.866026 0.499998 -0.000122 -0.608761 0.793354 0.000000 -0.608761 0.793354 -0.000042 -0.793352 0.608763 -0.000147 -0.793352 0.608763 -0.000143 -0.707105 0.707109 -0.000055 -0.707105 0.707109 -0.000139 0.000000 0.715068 -0.699055 -0.000193 0.715058 -0.699065 -0.000041 0.715065 -0.699058 0.000014 1.000000 0.000100 -0.000001 1.000000 0.000017 0.000015 1.000000 0.000041 -0.000001 1.000000 -0.000018 0.000000 1.000000 0.000014 0.000000 1.000000 0.000071 0.000000 1.000000 -0.000013 0.000017 1.000000 0.000001 -0.000009 1.000000 0.000021 0.000000 1.000000 0.000024 0.000000 1.000000 0.000526 0.000000 1.000000 -0.000009 -0.000009 1.000000 0.000004 -0.000001 1.000000 0.000071 0.000000 1.000000 -0.000046 0.000000 1.000000 -0.000003 0.000000 1.000000 0.000007 
						0.000001 1.000000 0.000812 -0.000006 1.000000 -0.000082 0.000009 1.000000 0.000081 0.000001 1.000000 -0.000026 0.000000 1.000000 -0.000009 0.000000 1.000000 0.000005 0.000000 1.000000 0.000000 0.000001 1.000000 -0.000004 -0.000000 -1.000000 -0.000001 -0.000000 -1.000000 -0.000001 -0.000018 -0.000000 -1.000000 -0.000053 -0.000000 -1.000000 -0.000102 -0.000000 -1.000000 -0.000084 -0.000000 -1.000000 0.000250 0.000000 -1.000000 0.000001 1.000000 -0.000004 0.000001 1.000000 -0.000004 0.000000 1.000000 0.000000 0.000000 1.000000 0.000000 0.000000 1.000000 0.000000 0.000005 1.000000 -0.000005 0.000005 1.000000 -0.000005 0.000005 1.000000 -0.000005 0.000005 1.000000 -0.000005 0.000000 1.000000 0.000000 0.000000 1.000000 0.000000 -0.999966 0.007926 0.002429 -0.999714 0.000000 0.023922 0.000000 1.000000 0.000000 0.000000 1.000000 0.000000 0.000000 1.000000 0.000000 0.000000 1.000000 0.000000 0.000000 -1.000000 0.000000 0.000000 -1.000000 0.000000 0.000000 -1.000000 0.000000 0.000000 -1.000000 0.000000 -0.000000 -1.000000 -0.000001 -0.000000 -1.000000 -0.000001 -0.000001 -1.000000 -0.000001 -0.000001 -1.000000 -0.000001 -0.000001 -1.000000 -0.000001 -0.000001 -1.000000 -0.000001 -0.967764 0.000001 -0.251858 -1.000000 -0.000000 -0.000033 -0.983719 -0.000001 0.179714 -0.986596 -0.000000 0.163183 -0.965160 0.000001 0.261659 -0.999565 0.000000 -0.029504 0.130528 -0.991445 0.000000 0.130528 -0.991445 0.000000 -0.991445 0.130526 0.000000 -0.991445 0.130526 0.000000 0.258822 -0.965925 0.000000 0.258822 -0.965925 0.000000 -0.965926 0.258820 0.000000 -0.965926 0.258820 0.000000 0.382685 -0.923879 0.000000 0.382685 -0.923879 0.000000 -0.923879 0.382685 0.000000 -0.923879 0.382685 0.000000 -0.444694 0.895683 -0.000000 -0.448088 0.893989 0.000000 -0.444899 0.895581 -0.000000 -0.441481 0.897271 -0.000000 
						-0.101650 0.994820 -0.000001 -0.100596 0.994927 -0.000001 -0.101704 0.994815 -0.000001 -0.102787 0.994703 -0.000001 0.499995 -0.866028 0.000000 0.499996 -0.866028 0.000000 -0.866025 0.500001 0.000000 -0.866025 0.500001 0.000000 -0.793353 0.608762 0.000000 -0.793353 0.608762 0.000000 0.608761 -0.793354 0.000000 0.608761 -0.793354 0.000043 -0.707111 0.707103 0.000000 -0.707111 0.707103 0.000000 0.707111 -0.707103 0.000014 0.707111 -0.707103 0.000100 -0.440683 0.897663 0.000000 -0.444462 0.895798 0.000000 -0.440927 0.897543 0.000000 -0.437121 0.899403 0.000000 -0.236514 0.971628 -0.000002 -0.235816 0.971798 -0.000002 -0.236535 0.971623 -0.000002 -0.237248 0.971449 -0.000002 -0.437190 0.899369 0.000002 -0.441266 0.897376 0.000002 -0.437453 0.899241 0.000002 -0.433345 0.901228 0.000002 -0.314410 0.949287 0.000000 -0.314973 0.949101 0.000000 -0.314404 0.949289 0.000000 -0.313831 0.949479 0.000000 -0.429677 0.902983 -0.000000 -0.432722 0.901527 -0.000000 -0.433834 0.900993 -0.000000 -0.429578 0.903030 -0.000000 -0.361725 0.932285 0.000003 -0.363575 0.931565 0.000003 -0.361737 0.932280 0.000003 -0.359860 0.933006 0.000003 -0.423332 0.905975 -0.000000 -0.426645 0.904419 -0.000000 -0.390924 0.920423 -0.000002 -0.393594 0.919285 -0.000002 -0.390982 0.920398 -0.000002 -0.388279 0.921542 -0.000002 -0.413404 0.910548 -0.000000 -0.417239 0.908797 -0.000000 -0.409317 0.912392 -0.000001 -0.412857 0.910796 -0.000000 0.000000 1.000000 -0.000835 0.000000 1.000000 -0.000097 0.000000 1.000000 0.000353 0.000000 1.000000 -0.000240 0.000000 1.000000 0.000587 0.000000 1.000000 0.000138 0.000017 1.000000 0.000828 0.000012 1.000000 -0.000141 -0.000003 1.000000 0.000381 0.000000 0.999998 0.002019 0.000000 1.000000 0.000444 -0.000220 1.000000 -0.000018 -0.000290 1.000000 -0.000018 0.000164 1.000000 -0.000018 
						0.000235 1.000000 -0.000018 0.000000 1.000000 -0.000007 0.000000 1.000000 -0.000007 0.000000 1.000000 -0.000007 0.000000 1.000000 -0.000007 0.000109 1.000000 -0.000013 0.000176 1.000000 -0.000013 -0.000051 1.000000 -0.000013 -0.000119 1.000000 -0.000013 -0.000034 1.000000 -0.000007 -0.000041 1.000000 -0.000007 -0.000017 1.000000 -0.000007 -0.000009 1.000000 -0.000007 0.000148 1.000000 -0.000007 0.000201 1.000000 -0.000007 -0.000100 1.000000 -0.000007 -0.000153 1.000000 -0.000007 -0.000102 1.000000 0.000000 -0.000099 1.000000 0.000000 -0.000112 1.000000 0.000000 -0.000116 1.000000 0.000000 0.000045 1.000000 0.000000 -0.000033 1.000000 0.000000 0.000071 1.000000 0.000000 0.000053 1.000000 0.000000 0.000173 1.000000 -0.000000 0.000164 1.000000 -0.000000 0.000195 1.000000 -0.000000 0.000204 1.000000 -0.000000 -0.000099 1.000000 0.000000 -0.000023 1.000000 0.000000 -0.000164 1.000000 0.000000 -0.000145 1.000000 0.000000 -0.000131 1.000000 0.000000 -0.000140 1.000000 0.000000 0.000219 1.000000 0.000000 0.000177 1.000000 0.000000 0.000046 1.000000 0.000000 0.000035 1.000000 0.000000 -0.000156 1.000000 0.000000 -0.000241 1.000000 0.000000 -0.000300 1.000000 0.000000 -0.000387 1.000000 0.000000 0.000396 1.000000 -0.000000 0.000550 1.000000 -0.000000 -0.000021 1.000000 0.000000 -0.000178 1.000000 0.000000 -0.000177 1.000000 0.000000 -0.000326 1.000000 0.000000 0.000223 1.000000 -0.000000 0.000372 1.000000 -0.000000 -0.000352 1.000000 0.000000 -0.000617 1.000000 0.000000 0.000310 1.000000 0.000000 0.000580 1.000000 0.000000 0.000515 1.000000 0.000000 0.000613 1.000000 0.000000 0.000065 1.000000 0.000000 -0.000063 1.000000 -0.000000 -0.000165 1.000000 0.000000 0.000014 1.000000 -0.000000 -0.000584 1.000000 0.000000 -0.000766 1.000000 0.000000 -0.000346 1.000000 -0.000000 
						-0.000390 1.000000 -0.000000 0.000371 1.000000 0.000000 0.000454 1.000000 0.000000 0.000185 1.000000 0.000000 0.000101 1.000000 0.000000 -0.000358 1.000000 0.000000 -0.000383 1.000000 0.000000 -0.000273 1.000000 0.000000 -0.000248 1.000000 0.000000 0.000262 1.000000 0.000000 0.000212 1.000000 0.000000 0.000369 1.000000 0.000000 0.000419 1.000000 0.000000 -0.000383 1.000000 0.000000 -0.000383 1.000000 0.000000 -0.000381 1.000000 0.000000 -0.000381 1.000000 0.000000 0.000299 1.000000 0.000000 0.000341 1.000000 0.000000 0.000383 1.000000 0.000000 0.000384 1.000000 0.000000 -0.000258 1.000000 0.000000 -0.000258 1.000000 0.000000 0.000157 1.000000 -0.000000 0.000158 1.000000 -0.000000 -0.000156 1.000000 0.000000 -0.000157 1.000000 0.000000 0.000066 1.000000 -0.000003 0.000066 1.000000 -0.000003 0.000067 1.000000 -0.000003 0.000068 1.000000 -0.000003 -0.000067 1.000000 -0.000003 -0.000067 1.000000 -0.000003 -0.000066 1.000000 -0.000003 -0.000066 1.000000 -0.000003 0.000194 1.000000 0.000001 0.000119 1.000000 0.000001 0.000354 1.000000 0.000001 0.000431 1.000000 0.000001 -0.000338 1.000000 -0.000003 -0.000376 1.000000 -0.000003 -0.000210 1.000000 -0.000003 -0.000172 1.000000 -0.000003 0.000357 1.000000 -0.000005 0.000444 1.000000 -0.000005 0.000162 1.000000 -0.000005 0.000074 1.000000 -0.000005 -0.000188 1.000000 -0.000005 -0.000142 1.000000 -0.000005 -0.000331 1.000000 -0.000005 -0.000378 1.000000 -0.000005 0.000084 1.000000 -0.000006 0.000013 1.000000 -0.000006 0.000252 1.000000 -0.000006 0.000325 1.000000 -0.000006 -0.000224 1.000000 -0.000006 -0.000263 1.000000 -0.000006 -0.000112 1.000000 -0.000006 -0.000072 1.000000 -0.000006 0.000424 1.000000 -0.000008 0.000383 1.000000 -0.000008 0.000529 1.000000 -0.000008 0.000571 1.000000 -0.000008 -0.000508 1.000000 -0.000008 
						-0.000531 1.000000 -0.000008 -0.000445 1.000000 -0.000008 -0.000421 1.000000 -0.000008 0.000160 1.000000 -0.000003 0.000310 1.000000 -0.000003 -0.000244 1.000000 -0.000003 -0.000398 1.000000 -0.000003 0.000149 1.000000 -0.000003 0.000233 1.000000 -0.000003 -0.000067 1.000000 -0.000003 -0.000151 1.000000 -0.000003 -0.000102 1.000000 0.000000 0.000004 1.000000 0.000000 -0.000469 1.000000 0.000000 -0.000472 1.000000 0.000000 0.000327 1.000000 0.000000 0.000384 1.000000 0.000000 0.000185 1.000000 0.000000 0.000127 1.000000 0.000000 -0.000069 1.000000 0.000000 0.000005 1.000000 0.000000 0.000192 1.000000 -0.000008 0.000137 1.000000 -0.000008 0.000324 1.000000 -0.000008 0.000378 1.000000 -0.000008 0.000149 1.000000 0.000000 0.000164 1.000000 0.000000 -0.000076 1.000000 -0.000014 -0.000092 1.000000 -0.000014 -0.000037 1.000000 -0.000014 -0.000021 1.000000 -0.000014 0.000009 1.000000 0.000000 -0.000034 1.000000 0.000000 -0.000104 1.000000 -0.000016 -0.000099 1.000000 -0.000016 -0.000117 1.000000 -0.000016 -0.000123 1.000000 -0.000016 0.000072 1.000000 0.000000 0.000074 1.000000 0.000000 0.000011 1.000000 -0.000018 0.000015 1.000000 -0.000018 0.000003 1.000000 -0.000018 -0.000001 1.000000 -0.000018 -0.000143 1.000000 0.000000 -0.000182 1.000000 0.000000 0.000000 1.000000 -0.000011 0.000000 1.000000 -0.000011 0.000000 1.000000 -0.000011 0.000000 1.000000 -0.000011 -0.000009 1.000000 -0.000021 -0.000046 1.000000 -0.000021 0.000080 1.000000 -0.000021 0.000118 1.000000 -0.000021 -0.000012 0.356927 0.934132 -0.000021 0.356927 0.934132 0.000000 0.823669 0.567071 0.000000 0.823669 0.567071 0.000000 1.000000 0.000000 0.000000 1.000000 0.000000 -0.000011 0.826543 -0.562874 -0.000000 0.826543 -0.562874 -0.000008 0.366375 -0.930467 -0.000015 0.366375 -0.930467 
					</float_array>
					<technique_common>
						<accessor count="1471" offset="0" source="#meshId0-bitangents-array" stride="3">
							<param name="X" type="float" />
							<param name="Y" type="float" />
							<param name="Z" type="float" />
						</accessor>
					</technique_common>
				</source>
				<source id="meshId0-tex0" name="meshId0-tex0">
					<float_array id="meshId0-tex0-array" count="2942"> 
						0.724190 0.954530 0.722965 0.961121 0.722965 0.810268 0.724190 0.816859 0.734267 0.803313 0.766186 0.803313 0.766186 0.805055 0.734267 0.805055 0.734267 0.805055 0.766186 0.805055 0.766186 0.806793 0.734267 0.806793 0.766186 0.810268 0.734267 0.810268 0.734267 0.810268 0.766186 0.810268 0.766186 0.816859 0.734267 0.816859 0.766186 0.954531 0.734267 0.954531 0.766186 0.961121 0.734267 0.961121 0.734267 0.961121 0.766186 0.961121 0.766186 0.964593 0.734267 0.964593 0.766186 0.966335 0.734267 0.966335 0.734267 0.643775 0.766186 0.643775 0.766186 0.645516 0.734267 0.645516 0.766186 0.648988 0.734267 0.648988 0.734267 0.648988 0.766186 0.648988 0.766186 0.655578 0.734267 0.655578 0.766186 0.793251 0.734267 0.793251 0.766186 0.799841 0.734267 0.799841 0.734267 0.799841 0.766186 0.799841 0.705902 0.816859 0.707126 0.810268 0.707126 0.961121 0.705902 0.954530 0.710473 0.964593 0.710473 0.806796 0.715046 0.805055 0.715046 0.966335 0.719618 0.964593 0.719595 0.806793 0.786867 0.584731 0.916426 0.584731 0.916330 0.611953 0.786964 0.611953 0.786793 0.502071 0.916500 0.502071 0.916511 0.529293 0.786782 0.529293 0.947364 0.584698 0.947364 0.611986 
						0.940261 0.611970 0.940261 0.584715 0.940261 0.584715 0.940261 0.611970 0.930147 0.611953 0.930147 0.584731 0.773146 0.611953 0.773146 0.584731 0.763032 0.611970 0.763032 0.584715 0.763032 0.584715 0.763032 0.611970 0.755929 0.611986 0.755929 0.584698 0.930354 0.502071 0.930354 0.529293 0.940495 0.502071 0.940495 0.529293 0.954467 0.584698 0.954467 0.611986 0.748826 0.611986 0.748826 0.584698 0.762798 0.529293 0.762798 0.502071 0.772939 0.502071 0.772939 0.529293 0.759054 0.557012 0.762767 0.543151 0.772912 0.533006 0.786782 0.529293 0.916511 0.529293 0.930381 0.533006 0.940526 0.543151 0.944239 0.557012 0.940526 0.570873 0.930381 0.581018 0.916426 0.584731 0.786867 0.584731 0.772912 0.581018 0.762767 0.570873 0.088391 0.986608 0.042288 0.986564 0.042817 0.982774 0.087868 0.982787 0.087868 0.982787 0.042817 0.982774 0.043355 0.979210 0.087342 0.979217 0.087178 0.897819 0.043242 0.897825 0.042703 0.894259 0.087660 0.894243 0.087660 0.894243 0.042703 0.894259 0.042169 0.890440 0.088139 0.890445 0.024603 0.916486 0.024601 0.960550 0.021030 0.961048 0.021034 0.915987 0.021034 0.915987 0.021030 0.961048 0.017207 0.961544 0.017239 0.915493 
						0.113271 0.915284 0.113364 0.961406 0.109571 0.960898 0.109449 0.915790 0.109449 0.915790 0.109571 0.960898 0.106005 0.960383 0.105877 0.916297 0.096688 0.900382 0.103202 0.906841 0.103328 0.969825 0.096782 0.976439 0.033835 0.976459 0.027236 0.969972 0.027173 0.907029 0.033718 0.900542 0.100617 0.982677 0.098662 0.979516 0.098662 0.979516 0.029916 0.894280 0.031859 0.897449 0.031859 0.897449 0.020966 0.973734 0.024149 0.971820 0.024149 0.971820 0.109479 0.903074 0.106300 0.904997 0.106300 0.904997 0.029961 0.982765 0.031974 0.979545 0.031974 0.979545 0.109641 0.973667 0.106409 0.971678 0.106409 0.971678 0.020848 0.903220 0.024088 0.905192 0.024088 0.905192 0.100496 0.894044 0.098519 0.897283 0.098519 0.897283 0.363087 0.905555 0.363087 0.834174 0.365460 0.834174 0.365460 0.905555 0.367834 0.834174 0.367834 0.905555 0.370207 0.834174 0.370207 0.905555 0.372581 0.834174 0.372581 0.905555 0.374954 0.834174 0.374954 0.905555 0.377327 0.834174 0.377327 0.905555 0.379701 0.834174 0.379701 0.905555 0.382074 0.834174 0.382074 0.905555 0.384448 0.834174 0.384448 0.905555 0.386821 0.834174 0.386821 0.905555 0.389195 0.834174 0.389195 0.905555 
						0.391568 0.834174 0.391568 0.905555 0.393941 0.834174 0.393941 0.905555 0.396315 0.834174 0.396315 0.905555 0.398688 0.834174 0.398688 0.905555 0.401062 0.834174 0.401062 0.905555 0.403435 0.834174 0.403435 0.905555 0.405808 0.834174 0.405808 0.905555 0.408182 0.834174 0.408182 0.905555 0.410555 0.834174 0.410555 0.905555 0.400929 0.939628 0.415037 0.944212 0.410823 0.952482 0.398822 0.943763 0.404259 0.959046 0.395540 0.947045 0.395989 0.963260 0.391405 0.949152 0.386821 0.964712 0.386821 0.949878 0.377653 0.963260 0.382237 0.949152 0.369383 0.959046 0.378102 0.947045 0.362819 0.952482 0.374820 0.943763 0.358605 0.944212 0.372713 0.939628 0.357153 0.935044 0.371987 0.935044 0.358605 0.925876 0.372713 0.930460 0.362819 0.917606 0.374820 0.926325 0.369383 0.911042 0.378102 0.923043 0.377653 0.906828 0.382237 0.920936 0.386821 0.905376 0.386821 0.920210 0.395989 0.906828 0.391405 0.920936 0.404259 0.911042 0.395540 0.923043 0.410823 0.917606 0.398822 0.926325 0.415037 0.925876 0.400929 0.930460 0.416489 0.935044 0.401655 0.935044 0.386821 0.933857 0.232255 0.905555 0.232255 0.834174 0.234629 0.834174 0.234629 0.905555 0.237002 0.834174 
						0.237002 0.905555 0.239376 0.834174 0.239376 0.905555 0.241749 0.834174 0.241749 0.905555 0.244123 0.834174 0.244123 0.905555 0.246496 0.834174 0.246496 0.905555 0.248869 0.834174 0.248869 0.905555 0.251243 0.834174 0.251243 0.905555 0.253616 0.834174 0.253616 0.905555 0.255990 0.834174 0.255990 0.905555 0.258363 0.834174 0.258363 0.905555 0.260736 0.834174 0.260736 0.905555 0.263110 0.834174 0.263110 0.905555 0.265483 0.834174 0.265483 0.905555 0.267857 0.834174 0.267857 0.905555 0.270230 0.834174 0.270230 0.905555 0.272604 0.834174 0.272604 0.905555 0.274977 0.834174 0.274977 0.905555 0.277350 0.834174 0.277350 0.905555 0.279724 0.834174 0.279724 0.905555 0.270097 0.939628 0.284205 0.944212 0.279991 0.952482 0.267990 0.943763 0.273428 0.959046 0.264709 0.947045 0.265157 0.963260 0.260574 0.949152 0.255990 0.964712 0.255990 0.949878 0.246822 0.963260 0.251406 0.949152 0.238551 0.959046 0.247270 0.947045 0.231988 0.952482 0.243989 0.943763 0.227774 0.944212 0.241882 0.939628 0.226322 0.935044 0.241156 0.935044 0.227774 0.925876 0.241882 0.930460 0.231988 0.917606 0.243989 0.926325 0.238551 0.911042 0.247270 0.923043 0.246822 0.906828 
						0.251406 0.920936 0.255990 0.905376 0.255990 0.920210 0.265157 0.906828 0.260574 0.920936 0.273428 0.911042 0.264709 0.923043 0.279991 0.917606 0.267990 0.926325 0.284205 0.925876 0.270097 0.930460 0.285657 0.935044 0.270823 0.935044 0.255990 0.933857 0.297190 0.905555 0.297190 0.834174 0.299564 0.834174 0.299564 0.905555 0.301937 0.834174 0.301937 0.905555 0.304310 0.834174 0.304310 0.905555 0.306684 0.834174 0.306684 0.905555 0.309057 0.834174 0.309057 0.905555 0.311431 0.834174 0.311431 0.905555 0.313804 0.834174 0.313804 0.905555 0.316178 0.834174 0.316178 0.905555 0.318551 0.834174 0.318551 0.905555 0.320924 0.834174 0.320924 0.905555 0.323298 0.834174 0.323298 0.905555 0.325671 0.834174 0.325671 0.905555 0.328045 0.834174 0.328045 0.905555 0.330418 0.834174 0.330418 0.905555 0.332791 0.834174 0.332791 0.905555 0.335165 0.834174 0.335165 0.905555 0.337538 0.834174 0.337538 0.905555 0.339912 0.834174 0.339912 0.905555 0.342285 0.834174 0.342285 0.905555 0.344659 0.834174 0.344659 0.905555 0.335032 0.939628 0.349140 0.944212 0.344926 0.952482 0.332925 0.943763 0.338363 0.959046 0.329644 0.947045 0.330092 0.963260 0.325508 0.949152 
						0.320924 0.964712 0.320924 0.949878 0.311757 0.963260 0.316340 0.949152 0.303486 0.959046 0.312205 0.947045 0.296923 0.952482 0.308924 0.943763 0.292709 0.944212 0.306817 0.939628 0.291257 0.935044 0.306091 0.935044 0.292709 0.925876 0.306817 0.930460 0.296923 0.917606 0.308924 0.926325 0.303486 0.911042 0.312205 0.923043 0.311757 0.906828 0.316340 0.920936 0.320924 0.905376 0.320924 0.920210 0.330092 0.906828 0.325508 0.920936 0.338363 0.911042 0.329644 0.923043 0.344926 0.917606 0.332925 0.926325 0.349140 0.925876 0.335032 0.930460 0.350592 0.935044 0.335758 0.935044 0.320924 0.933857 0.562229 0.937909 0.562229 0.871956 0.566615 0.871956 0.566615 0.937909 0.566615 0.937909 0.566615 0.871956 0.571001 0.871956 0.571001 0.937909 0.571001 0.937909 0.571001 0.871956 0.575387 0.871956 0.575387 0.937909 0.575387 0.937909 0.575387 0.871956 0.579773 0.871956 0.579773 0.937909 0.579773 0.937909 0.579773 0.871956 0.584159 0.871956 0.584159 0.937909 0.584159 0.937909 0.584159 0.871956 0.588544 0.871956 0.588544 0.937909 0.588544 0.937909 0.588544 0.871956 0.592930 0.871956 0.592930 0.937909 0.592930 0.937909 0.592930 0.871956 0.597316 0.871956 
						0.597316 0.937909 0.597316 0.937909 0.597316 0.871956 0.601702 0.871956 0.601702 0.937909 0.601702 0.937909 0.601702 0.871956 0.606088 0.871956 0.606088 0.937909 0.606335 0.981268 0.592629 0.991226 0.584159 0.964059 0.575688 0.991226 0.561982 0.981268 0.556747 0.965156 0.561982 0.949043 0.575688 0.939086 0.592629 0.939086 0.606335 0.949043 0.611570 0.965156 0.500308 0.937909 0.500308 0.871956 0.504694 0.871956 0.504694 0.937909 0.504694 0.937909 0.504694 0.871956 0.509079 0.871956 0.509079 0.937909 0.509079 0.937909 0.509079 0.871956 0.513465 0.871956 0.513465 0.937909 0.513465 0.937909 0.513465 0.871956 0.517851 0.871956 0.517851 0.937909 0.517851 0.937909 0.517851 0.871956 0.522237 0.871956 0.522237 0.937909 0.522237 0.937909 0.522237 0.871956 0.526623 0.871956 0.526623 0.937909 0.526623 0.937909 0.526623 0.871956 0.531009 0.871956 0.531009 0.937909 0.531009 0.937909 0.531009 0.871956 0.535395 0.871956 0.535395 0.937909 0.535395 0.937909 0.535395 0.871956 0.539781 0.871956 0.539781 0.937909 0.539781 0.937909 0.539781 0.871956 0.544167 0.871956 0.544167 0.937909 0.544414 0.981268 0.530708 0.991226 0.522237 0.964059 0.513766 0.991226 
						0.500061 0.981268 0.494825 0.965156 0.500061 0.949043 0.513766 0.939086 0.530708 0.939086 0.544414 0.949043 0.549649 0.965156 0.673450 0.381856 0.673450 0.305810 0.718835 0.305810 0.718835 0.381856 0.673450 0.288666 0.673450 0.212620 0.718835 0.212620 0.718835 0.288666 0.673450 0.301524 0.718835 0.301524 0.673450 0.298381 0.718835 0.298387 0.718835 0.297238 0.673450 0.297238 0.718835 0.390428 0.673450 0.390428 0.673450 0.389280 0.718835 0.389280 0.673450 0.386142 0.718835 0.386142 0.673450 0.208334 0.718835 0.208334 0.673450 0.205197 0.718835 0.205197 0.673450 0.204048 0.718835 0.204048 0.673450 0.296090 0.718835 0.296090 0.673450 0.292952 0.718835 0.292952 0.799591 0.381856 0.816736 0.381856 0.815588 0.386142 0.800740 0.386142 0.812451 0.298387 0.815588 0.301524 0.800740 0.301524 0.803877 0.298387 0.816736 0.305810 0.799591 0.305810 0.808164 0.297238 0.803877 0.389280 0.812451 0.389280 0.808164 0.390428 0.753795 0.276305 0.753795 0.200258 0.799180 0.200258 0.799180 0.276305 0.753795 0.183115 0.753795 0.107068 0.799180 0.107068 0.799180 0.183115 0.753795 0.195973 0.799180 0.195973 0.753795 0.192829 0.799180 0.192835 0.799180 0.191687 
						0.753795 0.191687 0.799180 0.284876 0.753795 0.284876 0.753795 0.283728 0.799180 0.283728 0.753795 0.280590 0.799180 0.280590 0.753795 0.102783 0.799180 0.102783 0.753795 0.099645 0.799180 0.099645 0.753795 0.098497 0.799180 0.098497 0.753795 0.190538 0.799180 0.190538 0.753795 0.187401 0.799180 0.187401 0.879936 0.276305 0.897082 0.276305 0.895933 0.280590 0.881085 0.280590 0.892796 0.192835 0.895933 0.195973 0.881085 0.195973 0.884222 0.192835 0.897082 0.200258 0.879936 0.200258 0.888509 0.191687 0.884222 0.283728 0.892796 0.283728 0.888509 0.284876 0.216421 0.079029 0.218306 0.081217 0.081654 0.081217 0.083538 0.079029 0.219894 0.083636 0.080066 0.083636 0.221158 0.086246 0.078802 0.086246 0.222077 0.089002 0.077883 0.089002 0.222634 0.091855 0.077326 0.091855 0.077139 0.094759 0.222821 0.094759 0.077139 0.353820 0.222821 0.353820 0.077326 0.356723 0.222634 0.356723 0.077883 0.359577 0.222077 0.359577 0.078802 0.362332 0.221158 0.362332 0.080066 0.364942 0.219894 0.364942 0.081654 0.367362 0.218306 0.367362 0.083538 0.369549 0.216421 0.369549 0.085687 0.371468 0.214273 0.371468 0.088064 0.373085 0.211896 0.373085 0.090627 0.374372 
						0.209333 0.374372 0.093334 0.375307 0.206626 0.375307 0.096137 0.375875 0.203823 0.375875 0.098989 0.376065 0.200971 0.376065 0.214273 0.077111 0.085687 0.077111 0.211896 0.075494 0.088064 0.075494 0.209333 0.074207 0.090627 0.074207 0.206626 0.073272 0.093334 0.073272 0.203823 0.072704 0.096137 0.072704 0.200971 0.072514 0.098989 0.072514 0.513871 0.609928 0.513871 0.564680 0.562340 0.564680 0.562340 0.609928 0.562340 0.635424 0.513871 0.635424 0.513871 0.609928 0.562340 0.609928 0.513871 0.635424 0.513871 0.680673 0.507498 0.680673 0.507498 0.635424 0.513854 0.564680 0.444269 0.141142 0.444270 0.141140 0.448461 0.189735 0.444269 0.130088 0.448461 0.081292 0.444270 0.130092 0.361421 0.074775 0.364290 0.074964 0.255933 0.074964 0.258803 0.074775 0.507498 0.609928 0.507490 0.564680 0.507498 0.564680 0.367111 0.075529 0.253112 0.075529 0.250389 0.076461 0.369834 0.076461 0.507498 0.635424 0.507498 0.680673 0.502833 0.680673 0.502832 0.635424 0.502832 0.629051 0.501125 0.622676 0.502832 0.616302 0.247809 0.077742 0.372414 0.077742 0.502832 0.635424 0.502833 0.680673 0.501125 0.680673 0.501125 0.635424 0.245418 0.079351 0.374805 0.079351 
						0.434976 0.081292 0.438847 0.128639 0.438458 0.130092 0.501125 0.609928 0.501125 0.564680 0.502832 0.564680 0.502832 0.609928 0.507498 0.609928 0.507498 0.564680 0.439911 0.127575 0.507498 0.633716 0.507498 0.611636 0.502832 0.609928 0.502832 0.564680 0.441364 0.127187 0.243256 0.081261 0.376967 0.081261 0.241360 0.083439 0.378863 0.083439 0.442817 0.127575 0.443879 0.128637 0.239762 0.085848 0.380461 0.085848 0.238490 0.088446 0.381733 0.088446 0.443881 0.128639 0.237565 0.091189 0.382658 0.091189 0.237004 0.094030 0.383219 0.094030 0.236816 0.096920 0.383407 0.096920 0.094536 0.392920 0.094088 0.392141 0.096992 0.391951 0.097415 0.392731 0.091705 0.393485 0.091234 0.392709 0.434976 0.078259 0.448461 0.078259 0.088972 0.394415 0.088479 0.393644 0.091234 0.392709 0.091705 0.393485 0.434976 0.075278 0.448461 0.075279 0.086384 0.395696 0.085869 0.394931 0.434976 0.072401 0.448461 0.072400 0.083984 0.397304 0.083449 0.396548 0.085869 0.394931 0.086384 0.395696 0.434976 0.069675 0.448461 0.069675 0.081814 0.399213 0.081262 0.398466 0.434976 0.067148 0.448461 0.067148 0.079911 0.401389 0.079343 0.400654 0.081262 0.398466 0.081814 0.399213 
						0.222457 0.414862 0.223063 0.414196 0.223063 0.673256 0.222457 0.672590 0.434976 0.064863 0.448461 0.064863 0.078308 0.403796 0.077727 0.403073 0.079343 0.400654 0.079911 0.401389 0.418604 0.067469 0.405113 0.067469 0.405113 0.065183 0.418604 0.065183 0.418587 0.526625 0.418595 0.797305 0.405105 0.797305 0.405096 0.526625 0.077032 0.406393 0.076440 0.405683 0.077727 0.403073 0.078308 0.403796 0.418604 0.069997 0.405113 0.069997 0.076104 0.409134 0.075504 0.408438 0.418604 0.072724 0.405113 0.072724 0.075541 0.411973 0.074937 0.411292 0.075504 0.408438 0.076104 0.409134 0.418604 0.075603 0.405113 0.075603 0.075352 0.414862 0.074746 0.414196 0.418604 0.078585 0.405113 0.078585 0.418604 0.081619 0.405113 0.081619 0.410518 0.220646 0.411080 0.221221 0.414076 0.312188 0.412082 0.221494 0.418604 0.352299 0.414076 0.322716 0.413808 0.323310 0.413077 0.323744 0.405113 0.352299 0.412078 0.323903 0.411080 0.323744 0.410349 0.323310 0.411084 0.311160 0.410349 0.311595 0.410081 0.322716 0.410081 0.312188 0.236816 0.354821 0.383407 0.354821 0.160878 0.733751 0.160878 0.730645 0.162469 0.731440 0.162457 0.793953 0.160878 0.794734 0.160878 0.791634 
						0.287084 0.545505 0.281720 0.545505 0.281720 0.530511 0.287084 0.530511 0.287083 0.565990 0.281719 0.565990 0.281720 0.545505 0.287084 0.545505 0.281720 0.528072 0.287085 0.528072 0.287083 0.586385 0.281719 0.586385 0.281719 0.565990 0.287083 0.565990 0.287057 0.603908 0.281743 0.603909 0.281731 0.601470 0.287070 0.601469 0.222457 0.672590 0.223063 0.673256 0.222873 0.676160 0.222268 0.675479 0.222268 0.675479 0.222873 0.676160 0.222305 0.679014 0.221705 0.678318 0.405096 0.523591 0.418586 0.523591 0.221705 0.678318 0.222305 0.679014 0.221370 0.681769 0.220778 0.681060 0.405096 0.520609 0.418586 0.520609 0.281717 0.461991 0.287082 0.461991 0.220083 0.684379 0.219501 0.683656 0.405096 0.517730 0.418586 0.517730 0.219501 0.683656 0.220083 0.684379 0.218466 0.686798 0.217898 0.686063 0.075352 0.672590 0.074746 0.673256 0.074746 0.414196 0.075352 0.414862 0.405096 0.515004 0.418586 0.515003 0.217898 0.686063 0.218466 0.686798 0.216547 0.688986 0.215995 0.688239 0.405096 0.512476 0.418586 0.512475 0.215995 0.688239 0.216547 0.688986 0.214360 0.690905 0.213825 0.690148 0.281717 0.459553 0.287082 0.459553 0.287057 0.743387 0.281746 0.743387 
						0.281746 0.728393 0.287057 0.728393 0.405093 0.510189 0.418589 0.510190 0.213825 0.690148 0.214360 0.690905 0.211940 0.692521 0.211425 0.691756 0.287058 0.672428 0.281745 0.672428 0.281744 0.669990 0.287058 0.669990 0.287057 0.707907 0.281746 0.707972 0.281746 0.687422 0.287057 0.687422 0.405091 0.507901 0.418591 0.507903 0.211425 0.691756 0.211940 0.692521 0.209331 0.693808 0.208837 0.693037 0.405091 0.505372 0.418591 0.505373 0.208837 0.693037 0.209331 0.693808 0.206575 0.694744 0.206104 0.693967 0.405092 0.502643 0.418592 0.502644 0.206104 0.693967 0.206575 0.694744 0.203721 0.695311 0.203274 0.694532 0.405092 0.499762 0.418592 0.499763 0.200818 0.695502 0.200394 0.694721 0.405092 0.496778 0.418593 0.496779 0.405093 0.493742 0.418593 0.493744 0.413077 0.221221 0.414076 0.192049 0.414076 0.219462 0.413808 0.220473 0.237004 0.357712 0.383219 0.357712 0.237565 0.360553 0.382658 0.360553 0.238490 0.363296 0.381733 0.363296 0.200394 0.694721 0.200818 0.695502 0.096992 0.695502 0.097415 0.694721 0.239762 0.365894 0.380461 0.365894 0.241360 0.368303 0.378863 0.368303 0.243256 0.370481 0.376967 0.370481 0.418607 0.385182 0.405107 0.385181 
						0.245418 0.372391 0.374805 0.372391 0.247809 0.374000 0.372414 0.374000 0.250389 0.375281 0.369834 0.375281 0.253112 0.376212 0.367111 0.376212 0.255933 0.376777 0.364290 0.376777 0.258803 0.376967 0.361421 0.376967 0.160878 0.729242 0.166062 0.730067 0.142541 0.711442 0.149125 0.711442 0.149125 0.719140 0.142541 0.719140 0.202941 0.783941 0.197758 0.783941 0.197749 0.781742 0.202950 0.781742 0.202950 0.781742 0.197749 0.781742 0.197749 0.778738 0.202950 0.778738 0.197767 0.785280 0.193810 0.785280 0.193810 0.783941 0.197758 0.783941 0.149125 0.726798 0.142541 0.726801 0.142541 0.719140 0.149125 0.719140 0.197767 0.787534 0.193810 0.787534 0.193810 0.785280 0.197767 0.785280 0.151901 0.732321 0.155721 0.730063 0.150512 0.735401 0.142541 0.726801 0.149125 0.726798 0.149126 0.732471 0.142540 0.732471 0.142540 0.732471 0.149126 0.732471 0.149127 0.735541 0.142538 0.735541 0.202950 0.778738 0.197749 0.778738 0.197749 0.725436 0.202950 0.725436 0.197767 0.844002 0.193810 0.844002 0.193810 0.787534 0.197767 0.787534 0.150512 0.790039 0.142538 0.735541 0.149127 0.735541 0.149127 0.790005 0.142538 0.790005 0.202950 0.725436 0.197749 0.725436 
						0.197749 0.722432 0.202950 0.722432 0.160878 0.796197 0.166062 0.795372 0.202950 0.722432 0.197749 0.722432 0.197749 0.720232 0.202950 0.720233 0.142541 0.806406 0.149125 0.806406 0.149125 0.814103 0.142541 0.814103 0.155695 0.795372 0.197767 0.847649 0.193810 0.847649 0.193810 0.846264 0.197767 0.846264 0.197767 0.846264 0.193810 0.846264 0.193810 0.844002 0.197767 0.844002 0.151901 0.793118 0.142541 0.798708 0.149125 0.798708 0.149125 0.806406 0.142541 0.806406 0.142538 0.790005 0.149127 0.790005 0.149126 0.793074 0.142540 0.793074 0.142540 0.793074 0.149126 0.793074 0.149125 0.798708 0.142541 0.798708 0.075541 0.675479 0.074937 0.676160 0.074746 0.673256 0.075352 0.672590 0.097415 0.694721 0.096992 0.695502 0.094088 0.695311 0.094536 0.694532 0.076104 0.678318 0.075504 0.679014 0.074937 0.676160 0.075541 0.675479 0.094536 0.694532 0.094088 0.695311 0.091234 0.694744 0.091705 0.693967 0.077032 0.681060 0.076440 0.681769 0.075504 0.679014 0.076104 0.678318 0.091705 0.693967 0.091234 0.694744 0.088479 0.693808 0.088972 0.693037 0.078308 0.683656 0.077727 0.684379 0.076440 0.681769 0.077032 0.681060 0.088972 0.693037 0.088479 0.693808 
						0.085869 0.692521 0.086384 0.691756 0.287057 0.728393 0.281746 0.728393 0.287057 0.707907 0.281746 0.707972 0.418604 0.355333 0.405113 0.355333 0.405107 0.382145 0.418607 0.382146 0.079911 0.686063 0.079343 0.686798 0.077727 0.684379 0.078308 0.683656 0.086384 0.691756 0.085869 0.692521 0.083449 0.690905 0.083984 0.690148 0.081814 0.688239 0.081262 0.688986 0.079343 0.686798 0.079911 0.686063 0.083984 0.690148 0.083449 0.690905 0.081262 0.688986 0.081814 0.688239 0.418604 0.358315 0.405113 0.358315 0.405107 0.379161 0.418607 0.379162 0.418604 0.361194 0.405113 0.361194 0.405108 0.376279 0.418608 0.376281 0.418604 0.363920 0.405113 0.363920 0.405108 0.373551 0.418608 0.373552 0.418604 0.366449 0.405113 0.366449 0.405108 0.371021 0.418609 0.371023 0.418606 0.368735 0.405111 0.368734 0.281746 0.687422 0.281746 0.675894 0.287057 0.687422 0.172521 0.728778 0.176410 0.731089 0.168837 0.730186 0.167206 0.732554 0.167206 0.791901 0.177834 0.734246 0.172521 0.795733 0.168825 0.794278 0.176410 0.793422 0.177834 0.790265 0.299591 0.601203 0.300239 0.603653 0.297821 0.599393 0.295403 0.598731 0.292996 0.599389 0.300239 0.670014 0.291216 0.601203 
						0.290568 0.603653 0.299591 0.672463 0.297821 0.674273 0.295403 0.674935 0.292986 0.674273 0.291216 0.672463 0.290568 0.670014 0.562349 0.564680 0.562340 0.635424 0.562341 0.680673 0.568714 0.633716 0.568714 0.611636 0.573379 0.629051 0.573379 0.616302 0.575087 0.622676 0.568714 0.609928 0.568714 0.564680 0.573379 0.564680 0.573381 0.564680 0.573379 0.609928 0.568714 0.609928 0.568714 0.564680 0.573379 0.564680 0.573379 0.609928 0.575087 0.609928 0.575087 0.564680 0.434976 0.189735 0.438458 0.141140 0.097415 0.392731 0.096992 0.391951 0.200818 0.391951 0.200394 0.392731 0.575087 0.635424 0.575087 0.680673 0.573379 0.680673 0.573379 0.635424 0.568714 0.635424 0.568714 0.680673 0.573379 0.635424 0.573379 0.680673 0.568714 0.680673 0.568714 0.635424 0.443880 0.142593 0.441364 0.144046 0.442816 0.143657 0.439911 0.143657 0.438847 0.142593 0.442817 0.143657 0.418595 0.800339 0.405105 0.800339 0.448461 0.192768 0.434976 0.192768 0.418596 0.803321 0.405105 0.803321 0.448461 0.195749 0.434976 0.195749 0.418596 0.806200 0.405105 0.806200 0.448461 0.198627 0.434976 0.198627 0.222268 0.411973 0.222873 0.411292 0.223063 0.414196 0.222457 0.414862 
						0.200394 0.392731 0.200818 0.391951 0.203721 0.392141 0.203274 0.392920 0.418596 0.808927 0.405105 0.808927 0.448461 0.201352 0.434976 0.201352 0.448461 0.203879 0.434976 0.203879 0.418596 0.811455 0.405105 0.811455 0.448461 0.206165 0.434976 0.206165 0.418596 0.813740 0.405105 0.813741 0.221705 0.409134 0.222305 0.408438 0.222873 0.411292 0.222268 0.411973 0.203274 0.392920 0.203721 0.392141 0.206575 0.392709 0.206104 0.393485 0.220778 0.406393 0.221370 0.405683 0.222305 0.408438 0.221705 0.409134 0.206104 0.393485 0.206575 0.392709 0.209331 0.393644 0.208837 0.394415 0.219501 0.403796 0.220083 0.403073 0.221370 0.405683 0.220778 0.406393 0.208837 0.394415 0.209331 0.393644 0.211940 0.394931 0.211425 0.395696 0.217898 0.401389 0.218466 0.400654 0.211425 0.395696 0.211940 0.394931 0.214360 0.396548 0.213825 0.397304 0.215995 0.399213 0.216547 0.398466 0.213825 0.397304 0.214360 0.396548 0.413808 0.191037 0.413077 0.190289 0.412078 0.190016 0.411084 0.190288 0.410349 0.191037 0.410081 0.192049 0.413808 0.311595 0.413077 0.311160 0.412078 0.311002 0.410349 0.220473 0.410081 0.219462 0.497249 0.195263 0.496611 0.194585 0.499515 0.194394 
						0.500119 0.195074 0.500119 0.195074 0.499515 0.194394 0.603341 0.194394 0.602737 0.195074 0.602737 0.195074 0.603341 0.194394 0.606245 0.194585 0.605607 0.195263 0.605607 0.195263 0.606245 0.194585 0.609098 0.195152 0.608427 0.195828 0.494428 0.195828 0.493757 0.195152 0.496611 0.194585 0.497249 0.195263 0.608427 0.195828 0.609098 0.195152 0.611854 0.196087 0.611151 0.196759 0.491705 0.196759 0.491002 0.196087 0.493757 0.195152 0.494428 0.195828 0.611151 0.196759 0.611854 0.196087 0.614464 0.197375 0.613730 0.198041 0.489126 0.198041 0.488392 0.197375 0.613730 0.198041 0.614464 0.197375 0.616883 0.198991 0.616121 0.199650 0.486734 0.199650 0.485973 0.198991 0.619071 0.200910 0.618284 0.201560 0.484572 0.201560 0.483785 0.200910 0.620989 0.203097 0.620180 0.203738 0.482676 0.203738 0.481866 0.203097 0.483785 0.200910 0.484572 0.201560 0.620180 0.203738 0.620989 0.203097 0.622606 0.205517 0.621778 0.206146 0.481078 0.206146 0.480250 0.205517 0.481866 0.203097 0.482676 0.203738 0.621778 0.206146 0.622606 0.205517 0.623893 0.208127 0.623050 0.208745 0.479806 0.208745 0.478963 0.208127 0.480250 0.205517 0.481078 0.206146 0.624828 0.210882 
						0.623974 0.211488 0.478882 0.211488 0.478028 0.210882 0.478963 0.208127 0.479806 0.208745 0.623974 0.211488 0.624828 0.210882 0.625396 0.213736 0.624535 0.214329 0.478321 0.214329 0.477460 0.213736 0.478028 0.210882 0.478882 0.211488 0.624535 0.214329 0.625396 0.213736 0.625586 0.216639 0.624723 0.217219 0.478132 0.217219 0.477270 0.216639 0.477460 0.213736 0.478321 0.214329 0.624723 0.217219 0.625586 0.216639 0.625586 0.475700 0.624723 0.475120 0.478132 0.475120 0.477270 0.475700 0.624723 0.475120 0.625586 0.475700 0.625396 0.478604 0.624535 0.478011 0.478321 0.478011 0.477460 0.478604 0.477270 0.475700 0.478132 0.475120 0.624535 0.478011 0.625396 0.478604 0.624828 0.481458 0.623974 0.480852 0.478882 0.480852 0.478028 0.481458 0.477460 0.478604 0.478321 0.478011 0.623974 0.480852 0.624828 0.481458 0.623893 0.484213 0.623050 0.483595 0.479806 0.483595 0.478963 0.484213 0.478028 0.481458 0.478882 0.480852 0.623050 0.483595 0.623893 0.484213 0.622606 0.486823 0.621778 0.486193 0.481078 0.486193 0.480250 0.486823 0.478963 0.484213 0.479806 0.483595 0.621778 0.486193 0.622606 0.486823 0.620989 0.489242 0.620180 0.488601 0.482676 0.488601 
						0.481866 0.489242 0.480250 0.486823 0.481078 0.486193 0.620180 0.488601 0.620989 0.489242 0.619071 0.491430 0.618284 0.490780 0.484572 0.490780 0.483785 0.491430 0.481866 0.489242 0.482676 0.488601 0.618284 0.490780 0.619071 0.491430 0.616883 0.493348 0.616121 0.492690 0.486734 0.492690 0.485973 0.493348 0.483785 0.491430 0.484572 0.490780 0.614464 0.494965 0.613730 0.494299 0.489126 0.494299 0.488392 0.494965 0.485973 0.493348 0.486734 0.492690 0.611854 0.496252 0.611151 0.495580 0.491705 0.495580 0.491002 0.496252 0.488392 0.494965 0.489126 0.494299 0.609098 0.497187 0.608427 0.496511 0.494428 0.496511 0.493757 0.497187 0.491002 0.496252 0.491705 0.495580 0.606245 0.497755 0.605607 0.497076 0.497249 0.497076 0.496611 0.497755 0.493757 0.497187 0.494428 0.496511 0.603341 0.497945 0.602737 0.497266 0.602737 0.497266 0.603341 0.497945 0.499515 0.497945 0.500119 0.497266 0.500119 0.497266 0.499515 0.497945 0.496611 0.497755 0.497249 0.497076 0.202932 0.785280 0.202941 0.783941 0.202932 0.787534 0.202932 0.785280 0.202932 0.844002 0.202932 0.787534 0.202932 0.846264 0.202932 0.844002 0.202932 0.847649 0.202932 0.846264 
					</float_array>
					<technique_common>
						<accessor count="1471" offset="0" source="#meshId0-tex0-array" stride="2">
							<param name="S" type="float" />
							<param name="T" type="float" />
						</accessor>
					</technique_common>
				</source>
				<vertices id="meshId0-vertices">
					<input semantic="POSITION" source="#meshId0-positions" />
				</vertices>
				<polylist count="1220" material="defaultMaterial">
					<input offset="0" semantic="VERTEX" source="#meshId0-vertices" />
					<input offset="0" semantic="NORMAL" source="#meshId0-normals" />
					<input offset="0" semantic="TANGENT" source="#meshId0-tangents" />
					<input offset="0" semantic="BINORMAL" source="#meshId0-bitangents" />
					<input offset="0" semantic="TEXCOORD" source="#meshId0-tex0" set="0" />
					<vcount>
						3 3 3 3 3 3 3 3 3 3 3 3 3 3 3 3 3 3 3 3 3 3 3 3 3 3 3 3 3 3 3 3 3 3 3 3 3 3 3 3 3 3 3 3 3 3 3 3 3 3 3 3 3 3 3 3 3 3 3 3 3 3 3 3 
						3 3 3 3 3 3 3 3 3 3 3 3 3 3 3 3 3 3 3 3 3 3 3 3 3 3 3 3 3 3 3 3 3 3 3 3 3 3 3 3 3 3 3 3 3 3 3 3 3 3 3 3 3 3 3 3 3 3 3 3 3 3 3 3 
						3 3 3 3 3 3 3 3 3 3 3 3 3 3 3 3 3 3 3 3 3 3 3 3 3 3 3 3 3 3 3 3 3 3 3 3 3 3 3 3 3 3 3 3 3 3 3 3 3 3 3 3 3 3 3 3 3 3 3 3 3 3 3 3 
						3 3 3 3 3 3 3 3 3 3 3 3 3 3 3 3 3 3 3 3 3 3 3 3 3 3 3 3 3 3 3 3 3 3 3 3 3 3 3 3 3 3 3 3 3 3 3 3 3 3 3 3 3 3 3 3 3 3 3 3 3 3 3 3 
						3 3 3 3 3 3 3 3 3 3 3 3 3 3 3 3 3 3 3 3 3 3 3 3 3 3 3 3 3 3 3 3 3 3 3 3 3 3 3 3 3 3 3 3 3 3 3 3 3 3 3 3 3 3 3 3 3 3 3 3 3 3 3 3 
						3 3 3 3 3 3 3 3 3 3 3 3 3 3 3 3 3 3 3 3 3 3 3 3 3 3 3 3 3 3 3 3 3 3 3 3 3 3 3 3 3 3 3 3 3 3 3 3 3 3 3 3 3 3 3 3 3 3 3 3 3 3 3 3 
						3 3 3 3 3 3 3 3 3 3 3 3 3 3 3 3 3 3 3 3 3 3 3 3 3 3 3 3 3 3 3 3 3 3 3 3 3 3 3 3 3 3 3 3 3 3 3 3 3 3 3 3 3 3 3 3 3 3 3 3 3 3 3 3 
						3 3 3 3 3 3 3 3 3 3 3 3 3 3 3 3 3 3 3 3 3 3 3 3 3 3 3 3 3 3 3 3 3 3 3 3 3 3 3 3 3 3 3 3 3 3 3 3 3 3 3 3 3 3 3 3 3 3 3 3 3 3 3 3 
						3 3 3 3 3 3 3 3 3 3 3 3 3 3 3 3 3 3 3 3 3 3 3 3 3 3 3 3 3 3 3 3 3 3 3 3 3 3 3 3 3 3 3 3 3 3 3 3 3 3 3 3 3 3 3 3 3 3 3 3 3 3 3 3 
						3 3 3 3 3 3 3 3 3 3 3 3 3 3 3 3 3 3 3 3 3 3 3 3 3 3 3 3 3 3 3 3 3 3 3 3 3 3 3 3 3 3 3 3 3 3 3 3 3 3 3 3 3 3 3 3 3 3 3 3 3 3 3 3 
						3 3 3 3 3 3 3 3 3 3 3 3 3 3 3 3 3 3 3 3 3 3 3 3 3 3 3 3 3 3 3 3 3 3 3 3 3 3 3 3 3 3 3 3 3 3 3 3 3 3 3 3 3 3 3 3 3 3 3 3 3 3 3 3 
						3 3 3 3 3 3 3 3 3 3 3 3 3 3 3 3 3 3 3 3 3 3 3 3 3 3 3 3 3 3 3 3 3 3 3 3 3 3 3 3 3 3 3 3 3 3 3 3 3 3 3 3 3 3 3 3 3 3 3 3 3 3 3 3 
						3 3 3 3 3 3 3 3 3 3 3 3 3 3 3 3 3 3 3 3 3 3 3 3 3 3 3 3 3 3 3 3 3 3 3 3 3 3 3 3 3 3 3 3 3 3 3 3 3 3 3 3 3 3 3 3 3 3 3 3 3 3 3 3 
						3 3 3 3 3 3 3 3 3 3 3 3 3 3 3 3 3 3 3 3 3 3 3 3 3 3 3 3 3 3 3 3 3 3 3 3 3 3 3 3 3 3 3 3 3 3 3 3 3 3 3 3 3 3 3 3 3 3 3 3 3 3 3 3 
						3 3 3 3 3 3 3 3 3 3 3 3 3 3 3 3 3 3 3 3 3 3 3 3 3 3 3 3 3 3 3 3 3 3 3 3 3 3 3 3 3 3 3 3 3 3 3 3 3 3 3 3 3 3 3 3 3 3 3 3 3 3 3 3 
						3 3 3 3 3 3 3 3 3 3 3 3 3 3 3 3 3 3 3 3 3 3 3 3 3 3 3 3 3 3 3 3 3 3 3 3 3 3 3 3 3 3 3 3 3 3 3 3 3 3 3 3 3 3 3 3 3 3 3 3 3 3 3 3 
						3 3 3 3 3 3 3 3 3 3 3 3 3 3 3 3 3 3 3 3 3 3 3 3 3 3 3 3 3 3 3 3 3 3 3 3 3 3 3 3 3 3 3 3 3 3 3 3 3 3 3 3 3 3 3 3 3 3 3 3 3 3 3 3 
						3 3 3 3 3 3 3 3 3 3 3 3 3 3 3 3 3 3 3 3 3 3 3 3 3 3 3 3 3 3 3 3 3 3 3 3 3 3 3 3 3 3 3 3 3 3 3 3 3 3 3 3 3 3 3 3 3 3 3 3 3 3 3 3 
						3 3 3 3 3 3 3 3 3 3 3 3 3 3 3 3 3 3 3 3 3 3 3 3 3 3 3 3 3 3 3 3 3 3 3 3 3 3 3 3 3 3 3 3 3 3 3 3 3 3 3 3 3 3 3 3 3 3 3 3 3 3 3 3 
						3 3 3 3 
					</vcount>
					<p>
						0 1 2 2 3 0 4 5 6 6 7 4 8 9 10 10 11 8 11 10 12 12 13 11 14 15 16 16 17 14 17 16 18 18 19 17 19 18 20 20 21 19 22 23 24 24 25 22 25 24 26 26 27 25 28 29 30 30 31 28 31 30 32 32 33 31 34 35 36 36 37 34 37 36 38 38 39 37 39 38 40 40 41 39 42 43 5 5 4 42 44 45 46 46 47 44 48 49 50 50 51 48 45 49 48 48 46 45 52 51 50 50 53 52 1 52 53 53 2 1 54 55 56 56 57 54 58 59 60 60 61 58 62 63 64 64 65 62 66 67 68 68 69 66 69 68 56 56 55 69 54 57 70 70 71 54 71 70 72 72 73 71 74 75 76 76 77 74 60 59 78 78 79 60 79 78 80 80 81 79 82 83 63 63 62 82 77 76 84 84 85 77 
						86 87 88 88 89 86 89 88 58 58 61 89 90 91 92 90 92 93 90 93 94 90 94 95 90 95 96 90 96 97 90 97 98 90 98 99 90 99 100 90 100 101 90 101 102 102 103 90 104 105 106 106 107 104 108 109 110 110 111 108 112 113 114 114 115 112 116 117 118 118 119 116 120 121 122 122 123 120 124 125 126 126 127 124 128 129 130 130 131 128 132 133 134 134 135 132 112 136 137 112 137 135 112 135 134 112 134 138 112 138 139 112 139 111 112 111 110 112 110 140 112 140 141 112 141 121 112 121 120 112 120 142 112 142 143 143 113 112 144 104 107 107 145 144 146 108 111 111 139 146 147 118 117 117 148 147 149 114 113 113 143 149 150 126 125 125 151 150 152 122 121 121 141 152 153 128 131 131 154 153 155 132 135 135 137 155 156 150 151 151 157 156 
						158 152 141 141 140 158 140 110 109 109 158 140 157 106 105 105 156 157 159 144 145 145 160 159 161 146 139 139 138 161 138 134 133 133 161 138 160 130 129 129 159 160 162 147 148 148 163 162 164 149 143 143 142 164 142 120 123 123 164 142 163 124 127 127 162 163 165 153 154 154 166 165 167 155 137 137 136 167 136 112 115 115 167 136 166 116 119 119 165 166 168 169 170 170 171 168 171 170 172 172 173 171 173 172 174 174 175 173 175 174 176 176 177 175 177 176 178 178 179 177 179 178 180 180 181 179 181 180 182 182 183 181 183 182 184 184 185 183 185 184 186 186 187 185 187 186 188 188 189 187 189 188 190 190 191 189 191 190 192 192 193 191 193 192 194 194 195 193 195 194 196 196 197 195 197 196 198 198 199 197 199 198 200 200 201 199 201 200 202 202 203 201 
						203 202 204 204 205 203 205 204 206 206 207 205 207 206 208 208 209 207 210 211 212 212 213 210 213 212 214 214 215 213 215 214 216 216 217 215 217 216 218 218 219 217 219 218 220 220 221 219 221 220 222 222 223 221 223 222 224 224 225 223 225 224 226 226 227 225 227 226 228 228 229 227 229 228 230 230 231 229 231 230 232 232 233 231 233 232 234 234 235 233 235 234 236 236 237 235 237 236 238 238 239 237 239 238 240 240 241 239 241 240 242 242 243 241 243 242 244 244 245 243 245 244 246 246 247 245 247 246 248 248 249 247 249 248 211 211 210 249 210 213 250 213 215 250 215 217 250 217 219 250 219 221 250 221 223 250 223 225 250 225 227 250 227 229 250 229 231 250 231 233 250 233 235 250 235 237 250 237 239 250 239 241 250 241 243 250 243 245 250 245 247 250 
						247 249 250 249 210 250 251 252 253 253 254 251 254 253 255 255 256 254 256 255 257 257 258 256 258 257 259 259 260 258 260 259 261 261 262 260 262 261 263 263 264 262 264 263 265 265 266 264 266 265 267 267 268 266 268 267 269 269 270 268 270 269 271 271 272 270 272 271 273 273 274 272 274 273 275 275 276 274 276 275 277 277 278 276 278 277 279 279 280 278 280 279 281 281 282 280 282 281 283 283 284 282 284 283 285 285 286 284 286 285 287 287 288 286 288 287 289 289 290 288 290 289 291 291 292 290 293 294 295 295 296 293 296 295 297 297 298 296 298 297 299 299 300 298 300 299 301 301 302 300 302 301 303 303 304 302 304 303 305 305 306 304 306 305 307 307 308 306 308 307 309 309 310 308 310 309 311 311 312 310 312 311 313 313 314 312 314 313 315 315 316 314 
						316 315 317 317 318 316 318 317 319 319 320 318 320 319 321 321 322 320 322 321 323 323 324 322 324 323 325 325 326 324 326 325 327 327 328 326 328 327 329 329 330 328 330 329 331 331 332 330 332 331 294 294 293 332 293 296 333 296 298 333 298 300 333 300 302 333 302 304 333 304 306 333 306 308 333 308 310 333 310 312 333 312 314 333 314 316 333 316 318 333 318 320 333 320 322 333 322 324 333 324 326 333 326 328 333 328 330 333 330 332 333 332 293 333 334 335 336 336 337 334 337 336 338 338 339 337 339 338 340 340 341 339 341 340 342 342 343 341 343 342 344 344 345 343 345 344 346 346 347 345 347 346 348 348 349 347 349 348 350 350 351 349 351 350 352 352 353 351 353 352 354 354 355 353 355 354 356 356 357 355 357 356 358 358 359 357 359 358 360 360 361 359 
						361 360 362 362 363 361 363 362 364 364 365 363 365 364 366 366 367 365 367 366 368 368 369 367 369 368 370 370 371 369 371 370 372 372 373 371 373 372 374 374 375 373 376 377 378 378 379 376 379 378 380 380 381 379 381 380 382 382 383 381 383 382 384 384 385 383 385 384 386 386 387 385 387 386 388 388 389 387 389 388 390 390 391 389 391 390 392 392 393 391 393 392 394 394 395 393 395 394 396 396 397 395 397 396 398 398 399 397 399 398 400 400 401 399 401 400 402 402 403 401 403 402 404 404 405 403 405 404 406 406 407 405 407 406 408 408 409 407 409 408 410 410 411 409 411 410 412 412 413 411 413 412 414 414 415 413 415 414 377 377 376 415 376 379 416 379 381 416 381 383 416 383 385 416 385 387 416 387 389 416 389 391 416 391 393 416 393 395 416 395 397 416 
						397 399 416 399 401 416 401 403 416 403 405 416 405 407 416 407 409 416 409 411 416 411 413 416 413 415 416 415 376 416 417 418 419 419 420 417 421 422 423 423 424 421 425 426 427 427 428 425 429 430 431 431 432 429 433 434 435 435 436 433 437 438 439 439 440 437 441 442 443 443 444 441 445 446 447 447 448 445 449 450 451 451 452 449 453 454 455 455 456 453 457 458 459 458 460 459 460 461 459 461 462 459 462 463 459 463 464 459 464 465 459 465 466 459 466 467 459 467 457 459 468 469 470 470 471 468 472 473 474 474 475 472 476 477 478 478 479 476 480 481 482 482 483 480 484 485 486 486 487 484 488 489 490 490 491 488 492 493 494 494 495 492 496 497 498 498 499 496 500 501 502 502 503 500 504 505 506 506 507 504 508 509 510 509 511 510 511 512 510 512 513 510 
						513 514 510 514 515 510 515 516 510 516 517 510 517 518 510 518 508 510 519 520 521 521 522 519 523 524 525 525 526 523 521 520 527 527 528 521 528 527 529 529 530 528 531 530 529 529 532 531 533 534 535 535 536 533 536 535 537 537 538 536 538 537 519 519 522 538 525 524 539 539 540 525 540 539 541 541 542 540 542 541 543 543 544 542 531 532 545 545 546 531 546 545 547 547 548 546 548 547 523 523 526 548 549 550 551 551 552 549 553 554 555 555 556 553 554 557 558 558 555 554 553 556 559 557 550 549 549 558 557 560 561 562 560 552 551 551 561 560 563 564 565 565 566 563 567 568 569 569 570 567 565 564 571 571 572 565 572 571 573 573 574 572 575 574 573 573 576 575 577 578 579 579 580 577 580 579 581 581 582 580 582 581 563 563 566 582 569 568 583 583 584 569 
						584 583 585 585 586 584 586 585 587 587 588 586 575 576 589 589 590 575 590 589 591 591 592 590 592 591 567 567 570 592 593 594 595 595 596 593 597 598 599 599 600 597 598 601 602 602 599 598 597 600 603 601 594 593 593 602 601 604 605 606 604 596 595 595 605 604 607 608 609 609 610 607 608 611 612 612 609 608 611 613 614 614 612 611 613 615 616 616 614 613 617 618 616 616 615 617 619 618 617 617 620 619 621 619 620 620 622 621 623 621 622 622 624 623 625 623 624 624 626 625 627 625 626 626 628 627 629 627 628 628 630 629 631 629 630 630 632 631 633 631 632 632 634 633 635 633 634 634 636 635 637 635 636 636 638 637 639 637 638 638 640 639 641 639 640 640 642 641 643 641 642 642 644 643 645 643 644 644 646 645 647 607 610 610 648 647 649 647 648 648 650 649 
						651 649 650 650 652 651 653 651 652 652 654 653 655 653 654 654 656 655 657 655 656 656 658 657 659 660 661 661 662 659 663 664 665 665 666 663 667 668 669 669 670 667 659 671 660 672 673 674 675 676 677 674 673 676 673 677 676 678 679 680 680 681 678 682 683 684 680 679 685 685 686 680 687 686 685 685 688 687 689 690 691 691 692 689 693 694 695 696 687 688 688 697 696 698 699 700 700 701 698 702 696 697 697 703 702 704 705 706 707 708 709 709 710 707 711 712 671 671 659 711 704 713 705 664 714 715 715 665 664 716 717 683 683 682 716 718 713 704 719 702 703 703 720 719 714 693 695 695 715 714 721 719 720 720 722 721 676 723 718 676 724 723 725 721 722 722 726 725 727 725 726 726 728 727 676 675 729 676 729 724 730 727 728 728 731 730 718 704 676 732 730 731 
						731 733 732 734 732 733 733 735 734 736 737 738 738 739 736 740 741 737 737 736 740 742 743 676 676 704 742 744 745 746 746 747 744 748 749 743 743 742 748 750 751 745 745 744 750 752 753 749 749 748 752 754 755 756 756 757 754 758 759 753 753 752 758 760 761 755 755 754 760 762 763 759 759 758 762 764 765 766 766 767 764 768 769 770 770 771 768 772 773 763 763 762 772 774 775 776 776 777 774 778 779 780 780 781 778 782 783 784 784 785 782 786 787 788 788 789 786 790 791 779 779 778 790 792 793 787 787 786 792 794 795 791 791 790 794 796 797 798 798 799 796 800 801 795 795 794 800 802 803 797 797 796 802 804 805 801 801 800 804 806 807 805 805 804 806 808 809 810 809 811 810 811 812 810 810 812 813 813 812 814 814 812 815 812 816 815 815 816 817 817 816 818 
						818 816 819 820 821 807 819 816 822 821 823 807 816 807 822 807 823 822 824 734 735 735 825 824 826 827 828 829 830 831 832 833 834 834 835 832 836 837 838 838 839 836 835 834 840 840 841 835 842 843 844 844 845 842 846 847 848 848 849 846 850 851 852 852 853 850 854 855 856 856 857 854 782 785 858 858 859 782 860 861 862 862 863 860 859 858 864 864 865 859 841 840 866 866 867 841 863 862 868 868 869 863 865 864 870 870 871 865 872 873 874 874 875 872 876 877 878 878 879 876 871 870 880 880 881 871 882 883 884 884 885 882 881 880 886 886 887 881 888 889 890 890 891 888 867 866 892 892 893 867 894 895 896 896 897 894 887 886 898 898 899 887 900 901 902 902 903 900 904 905 906 906 907 904 908 909 910 910 911 908 899 898 912 912 913 899 914 915 916 916 917 914 
						913 912 918 918 919 913 920 921 922 922 923 920 919 918 924 924 925 919 926 927 928 928 929 926 925 924 930 930 931 925 929 928 932 932 933 929 931 930 934 934 935 931 935 934 936 936 937 935 811 938 812 806 812 939 939 812 940 940 812 941 812 938 941 942 824 825 825 943 942 944 942 943 943 945 944 946 944 945 945 947 946 948 949 950 950 951 948 952 946 947 947 953 952 954 952 953 953 955 954 956 954 955 955 957 956 958 937 936 936 959 958 960 956 957 957 961 960 962 960 961 961 963 962 964 962 963 963 965 964 966 964 965 965 967 966 968 966 967 967 969 968 970 968 969 969 971 970 842 849 848 848 843 842 972 973 828 828 827 972 974 975 976 976 977 974 978 979 980 980 981 978 982 983 984 984 985 982 986 987 988 988 989 986 990 991 992 992 993 990 994 995 996 
						996 997 994 998 999 826 826 1000 998 1001 1002 1003 1003 1004 1001 1005 1006 1007 1007 1008 1005 1009 1010 1011 1011 1012 1009 1013 1014 1015 1015 1016 1013 1017 1000 826 826 831 1017 1018 1019 1020 1020 1021 1018 1022 1023 1024 1024 1025 1022 1026 830 829 829 1027 1026 1028 1029 1030 1030 1031 1028 1032 1033 1034 1034 1035 1032 1026 1036 831 831 830 1026 1037 1038 1039 1039 1040 1037 1041 1042 1043 1043 1044 1041 1045 1017 831 831 1036 1045 1046 1047 1048 1048 1049 1046 1050 1051 1052 1052 1053 1050 1054 1055 1056 1056 1057 1054 1058 1059 1060 1060 1061 1058 1062 1063 1064 1064 1065 1062 1066 1067 1068 1068 1069 1066 1070 1071 1072 1072 1073 1070 1074 1075 1076 1076 1077 1074 1078 1079 1080 1080 1081 1078 1082 1083 1084 1084 1085 1082 1086 1087 1088 1088 1089 1086 1090 1091 1092 1091 1093 1092 1094 1095 816 816 812 1094 958 959 1096 1096 1097 958 1098 1099 1100 1100 1101 1098 1102 1103 1104 1104 1105 1102 1106 1107 1108 
						1108 1109 1106 1110 1111 1112 1112 1113 1110 1114 1115 1095 1095 1094 1114 1097 1096 1116 1116 1117 1097 1118 1119 1115 1115 1114 1118 1117 1116 1120 1120 1121 1117 1122 1123 1119 1119 1118 1122 1121 1120 1124 1124 1125 1121 1126 1127 1123 1123 1122 1126 1125 1124 1128 1128 1129 1125 1130 1131 1127 1127 1126 1130 1129 1128 1131 1131 1130 1129 846 907 906 906 847 846 826 999 827 972 827 999 1132 1133 1134 905 904 1133 1134 1133 904 1135 1136 1137 1137 1136 1138 1138 1136 1139 1136 1140 1139 1141 1142 1143 1142 1139 1143 1143 1139 1144 1140 1144 1139 1145 1146 1147 1147 1146 1148 1148 1146 1149 1146 1150 1149 1149 1150 1151 1151 1150 1152 1153 1154 1150 1154 1155 1150 1155 1156 1150 1156 1157 1150 1157 1158 1150 1150 1158 1152 661 1159 662 1160 1161 668 668 667 1160 1162 663 666 666 1163 1162 1164 1165 1166 1167 662 1159 1159 1168 1167 1164 1162 1163 1163 1165 1164 1169 1170 1171 1172 1173 1174 1174 1175 1172 1176 1171 1170 
						1170 1177 1176 1178 704 706 706 1179 1178 1180 1181 1182 1182 1183 1180 1184 1185 1186 1186 1187 1184 1188 1189 1161 1161 1160 1188 1190 1191 1192 1192 1193 1190 674 1194 672 674 1195 1196 1178 1197 1195 1178 1179 1198 1178 1198 1197 674 1196 1199 674 1199 1194 674 1178 1195 1200 1201 784 784 783 1200 1178 674 1202 1202 1203 1178 1204 1205 1201 1201 1200 1204 1203 1202 1206 1206 1207 1203 1208 1209 1205 1205 1204 1208 1207 1206 1210 1210 1211 1207 1212 1213 1214 1214 1215 1212 1216 1217 1218 1218 1219 1216 1220 1221 1209 1209 1208 1220 1211 1210 1222 1222 1223 1211 1223 1222 1224 1224 1225 1223 1226 1227 1221 1221 1220 1226 1225 1224 1228 1228 1229 1225 1230 1231 1227 1227 1226 1230 1232 1233 1234 1234 1235 1232 1236 1237 1238 1238 1239 1236 1240 1241 1242 1242 1243 1240 1244 1245 1246 1246 1247 1244 1248 1249 1250 1250 1251 1248 1252 1253 1254 1254 1255 1252 1256 1257 1249 1249 1248 1256 1258 1259 1260 1260 1261 1258 1262 1263 1257 
						1257 1256 1262 1264 1265 1263 1263 1262 1264 1266 1267 806 806 939 1266 1268 806 1267 1268 1269 807 807 806 1268 1270 807 1269 1270 1271 807 810 1272 808 1272 1273 808 1273 1274 808 820 807 1274 808 1274 1275 1271 1276 807 807 1276 1274 1276 1275 1274 1277 1278 1279 1279 1280 1277 1281 1282 1283 1283 1284 1281 1285 1286 1287 1287 1288 1285 1289 1290 1291 1291 1292 1289 1293 1294 1295 1295 1296 1293 1297 1298 1299 1299 1300 1297 1301 1302 1303 1303 1304 1301 1305 1306 1307 1307 1308 1305 1309 1310 1302 1302 1301 1309 1311 1312 1313 1313 1314 1311 1315 1316 1310 1310 1309 1315 1314 1313 1317 1317 1318 1314 1319 1320 1316 1316 1315 1319 1318 1317 1321 1321 1322 1318 1323 1324 1325 1325 1326 1323 1327 1328 1329 1329 1330 1327 1331 1332 1333 1333 1334 1331 1335 1336 1337 1337 1338 1335 1339 1340 1341 1341 1342 1339 1338 1337 1343 1343 1344 1338 1345 1346 1347 1347 1348 1345 1349 1350 1351 1351 1352 1349 1353 1354 1355 1355 1356 1353 
						1357 1358 1359 1359 1360 1357 1361 1362 1363 1363 1364 1361 1365 1366 1367 1367 1368 1365 1369 1370 1362 1362 1361 1369 1371 1372 1373 1373 1374 1371 1375 1376 1377 1377 1378 1375 1379 1380 1381 1381 1382 1379 1383 1384 1385 1385 1386 1383 1387 1388 1389 1389 1390 1387 1391 1392 1393 1393 1394 1391 1395 1396 1397 1397 1398 1395 1399 1400 1401 1401 1402 1399 1403 1404 1405 1405 1406 1403 1407 1408 1409 1409 1410 1407 1411 1412 1413 1413 1414 1411 1415 1416 1417 1417 1418 1415 1419 1420 1421 1421 1422 1419 1423 1424 1425 1425 1426 1423 1422 1421 1427 1427 1428 1422 1429 1430 1431 1431 1432 1429 1428 1427 1433 1433 1434 1428 1435 1436 1437 1437 1438 1435 1434 1433 1439 1439 1440 1434 1441 1442 1443 1443 1444 1441 1440 1439 1445 1445 1446 1440 1447 1448 1449 1449 1450 1447 1446 1445 1451 1451 1452 1446 1453 1454 1455 1455 1456 1453 1457 1458 1459 1459 1460 1457 1461 986 989 989 1462 1461 1463 994 997 997 1464 1463 1465 1013 1016 1016 1466 1465 
						1467 1041 1044 1044 1468 1467 1469 1037 1040 1040 1470 1469 
					</p>
				</polylist>
			</mesh>
		</geometry>
	</library_geometries>
	<library_visual_scenes>
		<visual_scene id="iPhone%2014%20Pro.obj" name="iPhone%2014%20Pro.obj">
			<node id="default" name="default">
				<matrix>1.000000 0.000000 0.000000 0.000000 0.000000 1.000000 0.000000 0.000000 0.000000 0.000000 1.000000 0.000000 0.000000 0.000000 0.000000 1.000000</matrix>
			</node>
			<node id="iPhone_14_Pro" name="iPhone_14_Pro">
				<matrix>1.000000 0.000000 0.000000 0.000000 0.000000 1.000000 0.000000 0.000000 0.000000 0.000000 1.000000 0.000000 0.000000 0.000000 0.000000 1.000000</matrix>
				<instance_geometry url="#meshId0">
					<bind_material>
						<technique_common>
							<instance_material symbol="defaultMaterial" target="#initialShadingGroup_1001" />
						</technique_common>
					</bind_material>
				</instance_geometry>
			</node>
		</visual_scene>
	</library_visual_scenes>
	<scene>
		<instance_visual_scene url="#iPhone%2014%20Pro.obj" />
	</scene>
</COLLADA>
